GrainID	O11	O12	O13	O21	O22	O23	O31	O32	O33	X	Y	Z	a	b	c	alpha	beta	gamma	DiffPos	DiffOme	DiffAngle	GrainRadius	Confidence	eFab11	eFab12	eFab13	eFab21	eFab22	eFab23	eFab31	eFab32	eFab33	eKen11	eKen12	eKen13	eKen21	eKen22	eKen23	eKen31	eKen32	eKen33	RMSErrorStrain	PhaseNr	Eul0	Eul1	Eul2
10000	0.393490	-0.237384	0.888152	-0.236521	0.907426	0.347325	-0.888382	-0.346736	0.300917	-402.182833	-403.884003	205.305335	2.926181	2.929421	4.679260	89.993935	90.020518	119.962471	173.271409	0.123372	0.120390	57.225097	0.968085	-184.908175	-128.269028	-44.884597	-128.269028	1053.625907	-721.573030	-44.884597	-721.573030	1266.495441	-477.474604	-854.751169	-272.175448	-854.751169	905.958341	-652.098633	-272.175448	-652.098633	1036.811848	696.228964	1.000000	111.358734	72.487322	248.679269	
9949	0.406228	-0.095358	0.908788	-0.609606	0.712592	0.347271	-0.680712	-0.695071	0.231343	446.837948	88.223218	146.243606	2.926751	2.929577	4.682373	89.959030	90.092805	119.980682	159.703381	0.121378	0.116012	41.983768	0.845745	823.479728	-830.182481	241.882400	-830.182481	736.214221	564.441240	241.882400	564.441240	1304.341134	-240.638936	-983.262434	-404.670919	-983.262434	976.968530	344.504999	-404.670919	344.504999	971.767099	474.582791	1.000000	0.000000	0.000000	0.000000	
9946	0.553487	-0.072544	-0.829697	-0.362008	0.876218	-0.318110	0.750073	0.476426	0.458713	-305.520745	-325.585816	-152.804494	2.931095	2.928599	4.675879	90.003071	90.038528	119.988664	172.089823	0.130601	0.119198	54.435607	0.951087	-25.385916	-183.632460	1261.094862	-183.632460	1373.570520	677.555493	1261.094862	677.555493	1199.636064	-330.260296	-555.641996	1030.870018	-555.641996	674.177007	328.890270	1030.870018	328.890270	885.033574	1142.440772	1.000000	0.000000	0.000000	0.000000	
9950	0.256843	-0.397067	-0.881118	0.256076	0.907077	-0.334120	0.931910	-0.139817	0.334656	-387.316248	-165.516912	65.353702	2.928333	2.928611	4.673163	89.990948	89.998462	120.004402	152.034522	0.134287	0.125063	112.456950	1.000000	-837.389220	-875.891341	720.162155	-875.891341	860.873654	273.066622	720.162155	273.066622	845.197596	-532.976164	-485.377544	451.054348	-485.377544	959.790778	21.170641	451.054348	21.170641	1018.316134	763.248244	1.000000	0.000000	0.000000	0.000000	
10010	0.293357	-0.248209	0.923226	-0.359139	0.866362	0.347043	-0.885987	-0.433373	0.165012	-303.480519	315.556775	-220.585353	2.927898	2.924094	4.669694	89.925242	90.052586	119.936139	327.826193	0.142635	0.168000	37.102759	0.803191	-2340.366146	-445.520337	278.961612	-445.520337	526.271763	-836.516316	278.961612	-836.516316	935.433373	-586.760818	-1105.755990	193.738952	-1105.755990	651.546912	-886.991327	193.738952	-886.991327	922.877986	1555.379789	1.000000	0.000000	0.000000	0.000000	
10011	0.078855	-0.337026	-0.938187	-0.154575	0.925602	-0.345497	0.984829	0.172264	0.020893	443.333230	443.534224	-233.739283	2.926688	2.930266	4.664869	90.072739	89.998927	119.952255	247.390292	0.137915	0.142924	39.446791	0.808511	-2139.065233	-2238.654479	507.445742	-2238.654479	956.483262	-435.010784	507.445742	-435.010784	806.909754	-473.903548	-1210.561048	221.215650	-1210.561048	1175.497492	89.002664	221.215650	89.002664	320.926193	750.308987	1.000000	110.913295	76.623820	224.401646	
10012	0.085611	-0.333467	0.938867	-0.229646	0.910349	0.344278	-0.969502	-0.245081	0.001357	436.498081	-249.660751	147.507724	2.927650	2.926511	4.673257	89.943743	89.998283	120.024291	211.480142	0.140025	0.135448	36.704917	0.808511	-1448.484022	-378.125465	-499.811575	-378.125465	687.812989	158.355820	-499.811575	158.355820	496.433354	-677.108672	-1027.033552	2.478929	-1027.033552	1145.371045	37.334976	2.478929	37.334976	962.875303	1054.613531	1.000000	0.000000	0.000000	0.000000	
9958	0.201109	-0.295123	-0.934054	-0.279731	0.896528	-0.343495	0.938779	0.330364	0.097745	-421.538846	-65.734329	-59.738472	2.929532	2.929286	4.669121	90.018676	89.967571	120.069803	184.540469	0.114380	0.110280	45.505090	0.867021	-1968.697142	-1182.759506	217.569943	-1182.759506	1432.828019	-261.963512	217.569943	-261.963512	520.482162	-233.187467	-874.523334	212.109572	-874.523334	1461.934788	-123.202674	212.109572	-123.202674	484.161245	435.914901	1.000000	0.000000	0.000000	0.000000	
10015	0.201551	-0.295095	-0.933968	-0.280829	0.896094	-0.343731	0.938356	0.331565	0.097737	-400.284060	-64.711969	-55.090250	2.927464	2.929205	4.670663	89.936803	89.995444	120.025489	207.179832	0.118109	0.117893	45.208839	0.867021	-2039.310454	-563.452492	15.849883	-563.452492	1349.064896	264.967249	15.849883	264.967249	717.073283	-271.055667	-910.104784	185.463659	-910.104784	1473.787981	-80.770388	185.463659	-80.770388	528.571364	490.624905	1.000000	290.977220	62.695889	57.577213	
10017	0.316676	-0.269424	-0.909465	0.091121	0.963018	-0.253561	0.944147	-0.002575	0.329515	-394.007329	350.802201	152.731637	2.929794	2.929053	4.680249	89.892744	90.025245	120.029393	194.789771	0.118626	0.114020	33.926396	0.804348	629.900802	-1204.325629	173.636881	-1204.325629	768.905565	45.147609	173.636881	45.147609	1380.332763	-270.294090	-220.491367	629.637850	-220.491367	604.672075	415.288418	629.637850	415.288418	1266.429919	503.950891	1.000000	290.766703	70.448376	98.532583	
10019	0.286066	-0.190977	-0.938992	-0.704336	0.622499	-0.341192	0.649684	0.758965	0.043563	-332.941009	14.144671	-5.761396	2.925133	2.930784	4.676503	90.045864	89.971805	119.991206	136.837795	0.150527	0.127991	60.607392	0.984043	-174.801244	-1120.084340	377.664956	-1120.084340	1118.276433	-826.349867	377.664956	-826.349867	420.462520	-163.465464	-1279.286419	177.887500	-1279.286419	1295.045961	-462.102816	177.887500	-462.102816	585.631830	554.617546	1.000000	110.601535	80.502086	243.934609	
10020	0.342118	-0.246864	0.906649	0.032246	0.967389	0.251235	-0.939103	-0.056716	0.338922	453.455605	-356.211091	-168.363648	2.929113	2.924950	4.671209	90.069577	90.041177	119.892028	169.818261	0.131458	0.121748	37.495260	0.804348	-1910.537771	-161.373095	-1009.964614	-161.373095	116.727892	612.882399	-1009.964614	612.882399	2390.039239	-704.157181	-528.164736	-650.666150	-528.164736	-34.437640	196.659460	-650.666150	196.659460	1926.340356	538.742426	1.000000	290.216731	88.802858	80.078334	
10021	0.149541	-0.228094	-0.962094	-0.350436	0.897638	-0.267287	0.924579	0.377122	0.054301	142.979665	-374.030357	128.330766	2.927617	2.923622	4.676315	90.004793	90.045874	120.004797	209.687297	0.120162	0.124889	75.819355	1.000000	-904.653953	219.180583	288.666403	219.180583	-237.936485	610.267984	288.666403	610.267984	729.845329	-711.529139	-206.872749	475.631618	-206.872749	1392.213422	-90.134282	475.631618	-90.134282	792.314525	778.818290	1.000000	110.137760	89.922277	255.813344	
10025	0.386468	-0.319670	0.865132	0.253453	0.938710	0.233636	-0.886794	0.128977	0.443803	107.361749	2.229303	235.730969	2.928501	2.928627	4.678651	90.004587	89.991555	119.992180	153.619780	0.115967	0.106586	43.301584	0.856383	140.778035	-279.422267	-664.226001	-279.422267	1145.483563	-89.911264	-664.226001	-89.911264	941.451437	-96.347574	-727.760903	-735.031742	-727.760903	1038.319004	-240.795823	-735.031742	-240.795823	1361.505929	701.919754	1.000000	290.190788	84.390664	70.612590	
10026	0.127875	-0.253007	-0.958976	-0.039262	0.964865	-0.259796	0.991013	0.070873	0.113448	444.137685	467.712199	89.127171	2.931006	2.927276	4.663480	89.853965	90.026818	120.020406	282.540806	0.140919	0.145681	47.367369	0.829787	-2626.287822	-2245.054111	177.543757	-2245.054111	-102.548322	-442.862327	177.543757	-442.862327	1820.325600	-1107.578463	-788.887858	409.787792	-788.887858	946.930835	-696.858761	409.787792	-696.858761	1642.924575	1237.497699	1.000000	0.000000	0.000000	0.000000	
10027	0.090230	-0.329825	0.939720	-0.009005	0.943260	0.331932	-0.995880	-0.038412	0.082141	467.805756	-173.663728	-159.063208	2.930587	2.927191	4.681808	90.152927	89.859389	120.006707	259.299411	0.216073	0.196820	35.132029	0.805556	1398.469117	-1171.084860	-771.386165	-1171.084860	-127.600515	66.951471	-771.386165	66.951471	1702.524811	-67.013336	-938.039253	-598.562890	-938.039253	-370.722546	246.589162	-598.562890	246.589162	1703.145087	1471.133119	1.000000	290.205283	84.391116	70.539305	
10032	0.252441	-0.295094	-0.921517	-0.065011	0.945037	-0.320435	0.965426	0.140799	0.219382	-371.250935	-86.430056	-78.359557	2.927274	2.928214	4.674329	89.993528	89.947676	119.975216	189.448635	0.150546	0.154700	43.989562	0.819149	-1113.288626	-728.605232	70.149832	-728.605232	956.722378	-302.793700	70.149832	-302.793700	1070.089521	-26.227410	-535.973478	642.625064	-535.973478	1023.895181	-303.197470	642.625064	-303.197470	1041.110236	1203.292340	1.000000	0.000000	0.000000	0.000000	
10035	0.019234	-0.254163	-0.966970	0.067334	0.965283	-0.252380	0.997545	-0.060256	0.035680	437.319501	-222.623145	-101.623510	2.928180	2.928908	4.681873	89.850757	90.030058	119.957145	225.087606	0.125831	0.126440	50.601422	0.888889	1080.897224	-1391.759890	-446.989616	-1391.759890	681.400891	400.392093	-446.989616	400.392093	1489.439542	-505.454940	-991.307698	240.729463	-991.307698	711.921951	564.965856	240.729463	564.965856	1612.434459	1075.139803	1.000000	285.578569	70.760661	90.156277	
10036	0.244265	-0.260824	-0.933973	0.098086	0.964854	-0.243795	0.964735	-0.032059	0.261263	-416.811844	385.822569	-91.479383	2.927281	2.925268	4.679203	89.990857	89.938982	119.970169	152.304734	0.126262	0.117429	44.909855	0.836957	-348.592880	-189.779634	-276.092019	-189.779634	28.108727	49.618939	-276.092019	49.618939	1321.636317	-404.237736	-393.370808	276.616454	-393.370808	396.673448	145.493235	276.616454	145.493235	1488.217948	579.910605	1.000000	0.000000	0.000000	0.000000	
10038	0.213489	-0.189908	0.958310	-0.319438	0.913436	0.252179	-0.923245	-0.359958	0.134345	-46.950285	479.778428	9.470080	2.927418	2.929161	4.673078	89.967851	89.946134	119.960149	220.626271	0.132062	0.130570	40.791474	0.813830	-818.085942	-1231.274777	-886.106718	-1231.274777	1278.334833	19.201915	-886.106718	19.201915	710.387168	-1083.654707	-363.724499	-513.317347	-363.724499	907.661667	-435.744456	-513.317347	-435.744456	1141.258462	1245.896063	1.000000	289.969254	87.503233	40.563431	
10039	0.256229	-0.220288	-0.941180	-0.446063	0.836864	-0.317310	0.857540	0.501130	0.116167	254.839890	178.492746	167.694780	2.927280	2.927573	4.671703	90.097496	89.963586	119.964315	133.356356	0.117303	0.114474	57.420096	0.945652	-1001.464070	-1581.357115	41.027416	-1581.357115	430.005342	-182.532362	41.027416	-182.532362	815.968605	-680.902392	-1479.834354	-88.647845	-1479.834354	505.344121	-258.371031	-88.647845	-258.371031	877.323900	880.436549	1.000000	105.488168	70.188785	266.543900	
10155	0.357781	-0.121286	0.925901	-0.305431	0.921792	0.238774	-0.882448	-0.368227	0.292755	374.681813	374.113225	-33.761119	2.928525	2.927178	4.682056	89.909079	89.983080	119.936359	269.255025	0.128110	0.136969	35.787888	0.803191	6.902073	757.164074	-96.136532	757.164074	2050.115204	-353.607023	-96.136532	-353.607023	971.639934	-758.692292	-418.225586	8.814170	-418.225586	1177.554085	-288.181115	8.814170	-288.181115	1041.842935	1233.787984	1.000000	285.526391	86.887251	67.810028	
10042	0.212794	-0.229372	0.949793	-0.024321	0.970512	0.239825	-0.976794	-0.074133	0.200940	380.552489	-105.370863	16.842018	2.931405	2.928531	4.678323	89.910035	89.955986	120.108363	475.772677	0.273031	0.298172	43.459147	0.804348	374.898868	-750.600996	-721.666696	-750.600996	681.343430	-1598.217177	-721.666696	-1598.217177	883.466765	-381.238182	-774.581005	-497.839277	-774.581005	507.274454	713.249059	-497.839277	713.249059	1508.644316	2019.367139	1.000000	0.000000	0.000000	0.000000	
10043	0.245044	-0.214974	-0.945378	-0.518970	0.794558	-0.315196	0.818916	0.567860	0.083137	262.481259	142.628307	226.995988	2.926743	2.925610	4.670536	90.128925	89.925590	119.899547	148.122997	0.117074	0.106519	53.571630	0.934783	-1209.881370	-1804.256476	-215.465680	-1804.256476	462.971442	-967.122042	-215.465680	-967.122042	537.746528	-679.746650	-1283.254686	87.025185	-1283.254686	770.137248	-451.558234	87.025185	-451.558234	872.228629	374.918253	1.000000	0.000000	0.000000	0.000000	
10044	0.019185	-0.253678	-0.967098	0.066470	0.965460	-0.251930	0.997604	-0.059450	0.035384	426.485629	-214.459527	-100.867165	2.927486	2.925764	4.675294	90.007863	89.994313	119.926553	258.865556	0.134299	0.152212	48.900922	0.888889	-962.081834	-247.687558	-71.584935	-247.687558	279.949263	544.144512	-71.584935	544.144512	1527.350035	-779.478010	-618.354568	226.187278	-618.354568	489.066491	682.165443	226.187278	682.165443	1618.482723	1929.901644	1.000000	0.000000	0.000000	0.000000	
10046	0.501575	0.018927	0.864912	-0.530950	0.796059	0.290491	-0.683024	-0.604925	0.409332	-303.877664	-138.153333	201.583414	2.926144	2.928789	4.677315	90.033950	90.089425	120.082380	214.954610	0.136764	0.141005	40.157436	0.803191	-400.510347	-1348.919685	199.251069	-1348.919685	79.555128	653.974305	199.251069	653.974305	599.689179	-338.331099	-751.796216	-380.094304	-751.796216	857.829189	145.472055	-380.094304	145.472055	853.409516	948.850872	1.000000	105.112714	63.653247	278.275182	
10047	0.363913	-0.168407	0.916082	-0.131124	0.964462	0.229390	-0.922157	-0.203598	0.328898	337.401127	278.034701	179.127738	2.927297	2.929217	4.671551	89.889025	90.110536	119.953135	241.508170	0.133608	0.152119	46.233233	0.851064	-1304.892062	-1696.105347	-328.228403	-1696.105347	1021.857077	129.572525	-328.228403	129.572525	1174.331799	-350.831572	-1473.975702	-55.091535	-1473.975702	421.836108	321.218795	-55.091535	321.218795	1339.640526	1258.089231	1.000000	285.158145	83.485882	85.909411	
10162	0.214404	-0.229462	0.949409	-0.021358	0.970680	0.239427	-0.976512	-0.071612	0.203216	401.733955	-211.783036	9.111459	2.927456	2.926310	4.673650	89.954727	90.080695	119.966743	209.236154	0.120817	0.123592	46.942523	0.842391	-1573.560117	-51.239099	8.946859	-51.239099	526.776986	-30.282503	8.946859	-30.282503	1311.855194	-566.169124	-838.629700	-278.178018	-838.629700	1040.241294	655.631777	-278.178018	655.631777	1511.309803	912.384345	1.000000	109.454442	85.288377	267.791141	
10049	0.012957	-0.246663	-0.969015	0.167356	0.955961	-0.241102	0.985811	-0.159047	0.053667	412.422796	-283.537446	-33.474621	2.928568	2.930541	4.677778	89.921945	90.063017	120.032742	137.811661	0.132702	0.109430	79.431744	1.000000	2.383848	-1104.499913	459.559877	-1104.499913	1403.507716	-101.866980	459.559877	-101.866980	901.966377	-833.599549	-727.737549	152.244897	-727.737549	1380.676394	557.120628	152.244897	557.120628	918.337168	697.754802	1.000000	0.000000	0.000000	0.000000	
10051	0.050768	-0.307117	-0.950317	-0.206308	0.927795	-0.310860	0.977169	0.211840	-0.016259	-221.007845	-150.729382	-107.418704	2.929225	2.928967	4.673548	90.059015	90.015836	120.010996	199.235774	0.139512	0.147149	57.248158	0.994681	-772.455857	-1281.987988	245.335434	-1281.987988	687.542273	191.754148	245.335434	191.754148	1394.769539	-588.489627	-877.691941	0.625846	-877.691941	1039.531360	-30.781510	0.625846	-30.781510	1107.916769	810.120553	1.000000	0.000000	0.000000	0.000000	
10052	0.420834	-0.061161	0.905074	-0.340661	0.914045	0.220165	-0.840743	-0.400976	0.363826	17.810205	-31.560894	46.004122	2.929205	2.929962	4.676755	90.005462	89.968986	120.046136	127.592245	0.113798	0.110659	79.167674	1.000000	-194.377312	-261.830829	-760.800522	-261.830829	1268.396603	-683.064824	-760.800522	-683.064824	900.460909	-451.145522	-248.685605	-243.738344	-248.685605	1289.370584	-665.731206	-243.738344	-665.731206	1232.043946	279.565801	1.000000	0.000000	0.000000	0.000000	
10171	0.090288	-0.271948	-0.958074	0.309312	0.922081	-0.232582	0.946673	-0.275340	0.167369	235.894615	308.234959	-87.718537	2.928831	2.926111	4.678471	90.076738	89.942490	119.991660	145.654472	0.116360	0.102171	50.755430	0.898936	-225.124767	-645.532691	-221.874466	-645.532691	408.881458	-499.650416	-221.874466	-499.650416	1262.096636	-1059.611880	-939.035810	60.961295	-939.035810	1554.477622	-565.261972	60.961295	-565.261972	908.468663	427.553038	1.000000	0.000000	0.000000	0.000000	
10057	0.255499	-0.311054	0.915405	0.093298	0.950344	0.296886	-0.962297	0.009551	0.271833	292.735520	-158.183553	177.860660	2.927437	2.928193	4.680538	90.080063	89.991427	119.954556	184.910617	0.120297	0.116824	34.832462	0.804348	461.096755	-754.745267	160.714694	-754.745267	677.757573	-627.271833	160.714694	-627.271833	1357.734034	-467.689754	-614.267700	-93.863026	-614.267700	841.162255	38.588991	-93.863026	38.588991	1458.776784	1271.223896	1.000000	289.173869	77.327270	81.702382	
10173	0.185459	-0.227622	0.955925	0.018146	0.973429	0.228270	-0.982484	-0.024989	0.184662	-67.811906	130.164689	187.987118	2.929956	2.928501	4.675860	90.067819	90.043507	120.016384	157.028748	0.122205	0.121213	72.064664	1.000000	-688.637032	-1070.871822	255.308401	-1070.871822	807.805390	251.198219	255.308401	251.198219	1720.076124	-688.221321	-727.611027	-47.675912	-727.611027	603.499926	59.260802	-47.675912	59.260802	1764.993483	511.286824	1.000000	0.000000	0.000000	0.000000	
10065	0.136851	-0.196454	0.970916	-0.283448	0.931390	0.228409	-0.949173	-0.306462	0.071777	-251.995177	153.790341	-29.745235	2.926818	2.930587	4.676849	89.834516	90.085511	119.993176	234.202859	0.137675	0.152726	37.021544	0.803191	19.926684	-1840.835543	391.157190	-1840.835543	1289.618781	-14.309354	391.157190	-14.309354	613.819265	-316.339628	-1112.810337	504.107764	-1112.810337	1002.666357	-729.522587	504.107764	-729.522587	792.163687	702.524703	1.000000	0.000000	0.000000	0.000000	
10066	0.376197	-0.169032	0.910991	-0.085505	0.972689	0.215789	-0.922586	-0.159073	0.351470	-104.788424	73.333870	-245.601726	2.925464	2.928121	4.673395	89.990334	89.957708	119.946576	253.451683	0.136791	0.145086	47.161389	0.904255	-598.087005	-822.597218	-1053.962554	-822.597218	1017.099949	291.886343	-1053.962554	291.886343	-67.367459	-481.700164	-643.212664	-694.937997	-643.212664	824.227889	208.907470	-694.937997	208.907470	829.782298	948.542992	1.000000	284.627903	87.955240	93.456697	
9991	0.221023	-0.231185	0.947472	-0.353234	0.886561	0.298724	-0.909051	-0.400704	0.114288	251.239003	-262.774917	-21.073988	2.927496	2.928565	4.677326	89.985341	90.047429	119.989290	153.331658	0.145626	0.124223	50.902120	0.914894	-493.743322	-531.930925	223.852167	-531.930925	1169.108199	116.900179	223.852167	116.900179	932.898623	-597.668463	-621.164570	298.182178	-621.164570	1198.845960	-48.886185	298.182178	-48.886185	1078.441959	654.754749	1.000000	284.629500	74.854972	91.903292	
10188	0.018334	-0.224559	0.974288	-0.129545	0.965704	0.225019	-0.991404	-0.130339	-0.011385	347.467059	299.717560	-113.766036	2.930542	2.925215	4.675323	90.096119	89.951392	120.031687	219.195464	0.130746	0.134190	45.840307	0.856383	-570.550652	-1023.651329	-94.052768	-1023.651329	-121.155360	983.148988	-94.052768	983.148988	1338.965929	-742.531200	-422.360504	227.340239	-422.360504	675.859869	1232.454719	227.340239	1232.454719	1121.500209	1104.447447	1.000000	0.000000	0.000000	0.000000	
9992	0.397838	-0.044738	-0.916370	-0.565271	0.774756	-0.283240	0.722636	0.630678	0.282937	194.512225	455.290113	-110.322876	2.927163	2.929827	4.670953	89.949495	89.942634	120.000737	187.379343	0.142516	0.139782	56.102542	0.914894	-1360.259325	-1630.828259	122.026838	-1630.828259	995.259795	161.638142	122.026838	161.638142	812.387772	-678.548844	-675.307338	171.024484	-675.307338	1014.444047	-152.893233	171.024484	-152.893233	1183.703273	438.418274	1.000000	104.743135	82.279275	248.700018	
10075	0.200804	-0.194476	0.960134	-0.111982	0.969116	0.219715	-0.973210	-0.151638	0.172825	-68.383709	41.070139	199.702434	2.926743	2.928357	4.674637	89.945579	89.977653	119.926389	127.609674	0.112084	0.099549	72.691709	1.000000	-526.284550	-1115.296415	-909.397222	-1115.296415	985.772081	495.847386	-909.397222	495.847386	878.353150	-674.953012	-960.155525	-270.202266	-960.155525	1005.260932	306.074361	-270.202266	306.074361	829.167856	425.129653	1.000000	288.631060	83.329065	59.698803	
10207	0.365175	-0.119647	-0.923218	-0.207295	0.956357	-0.205936	0.907566	0.266581	0.324436	130.934409	12.373010	152.244771	2.929521	2.929518	4.680241	90.023598	89.921228	120.079966	198.572491	0.154446	0.147532	60.676541	0.994681	-306.920899	-59.871061	-373.392811	-59.871061	1145.950458	700.401765	-373.392811	700.401765	1493.855556	-289.502812	-560.283754	-105.157997	-560.283754	1344.798856	262.623159	-105.157997	262.623159	1334.836000	755.083067	1.000000	104.460618	72.977059	247.350134	
10080	0.214331	-0.274628	0.937359	-0.026601	0.957663	0.286659	-0.976399	-0.086375	0.197951	438.017498	-234.696588	73.332896	2.929997	2.925760	4.674579	89.946339	90.014732	120.025328	149.822995	0.182406	0.160660	59.836376	0.967391	-1048.460071	-135.675723	-842.131172	-135.675723	431.549246	589.742089	-842.131172	589.742089	1170.531066	-510.298158	-615.303139	-454.499321	-615.303139	644.700065	230.377002	-454.499321	230.377002	1453.214380	708.602095	1.000000	0.000000	0.000000	0.000000	
10208	0.172716	-0.227111	0.958431	0.114196	0.971110	0.209536	-0.978329	0.073259	0.193662	260.026297	24.252634	-50.666731	2.929056	2.926951	4.679805	90.031370	89.944691	119.955567	184.175226	0.119543	0.113979	49.215584	0.891304	288.390171	-277.260074	-655.143006	-277.260074	598.614506	-458.323517	-655.143006	-458.323517	1572.551629	-572.887935	-161.118065	-287.600509	-161.118065	602.670508	-548.045246	-287.600509	-548.045246	1503.546137	896.442939	1.000000	104.171075	78.408048	265.659907	
10209	0.106568	-0.185126	0.976927	-0.395349	0.893620	0.212471	-0.912336	-0.408868	0.022042	-87.691215	-10.218564	151.505302	2.928753	2.927105	4.674704	90.050185	89.942677	119.936963	129.299582	0.127100	0.115159	53.358471	0.951087	-927.822292	-677.264075	-409.273323	-677.264075	1319.840989	-799.934358	-409.273323	-799.934358	1113.805682	-1138.829252	-721.716594	-120.803963	-721.716594	1435.816900	-922.633751	-120.803963	-922.633751	1089.303741	509.273474	1.000000	288.438783	85.231117	55.261468	
10090	0.337210	0.006945	0.941404	-0.574159	0.793990	0.199805	-0.746078	-0.607891	0.271729	18.443707	-24.775677	235.935821	2.930647	2.928156	4.674695	89.952064	89.982247	119.986617	234.184923	0.125080	0.145504	39.377673	0.835106	-507.337832	-1085.880711	-859.514809	-1085.880711	968.470956	103.092740	-859.514809	103.092740	1549.236662	-501.242860	-928.226152	-848.189430	-928.226152	987.732205	258.549667	-848.189430	258.549667	1208.392207	780.662814	1.000000	284.601092	87.972212	93.410354	
10094	0.272367	-0.046583	0.961065	-0.594463	0.777250	0.206145	-0.756591	-0.627465	0.184005	344.595878	400.039642	30.657404	2.927050	2.925614	4.666127	89.826144	90.046874	119.975969	248.377016	0.124490	0.127319	51.393583	0.888298	-2318.728373	-2090.191451	-48.422395	-2090.191451	-192.130627	98.036961	-48.422395	98.036961	694.604401	-1071.540586	-718.817361	-186.851453	-718.817361	1133.710047	-136.511069	-186.851453	-136.511069	792.691194	1068.686631	1.000000	0.000000	0.000000	0.000000	
10230	0.179613	-0.137341	-0.974103	-0.427251	0.881049	-0.203001	0.886113	0.452648	0.099568	97.645298	419.935348	58.222702	2.927795	2.930550	4.675573	90.043320	89.973133	120.035821	104.168365	0.114718	0.108876	120.559418	1.000000	-761.561476	-747.930728	-149.694354	-747.930728	1384.750019	561.572839	-149.694354	561.572839	921.987283	-712.952242	-487.333606	-180.343108	-487.333606	1342.070424	363.447609	-180.343108	363.447609	962.712903	327.307638	1.000000	108.565352	65.837133	228.469770	
10235	0.305171	-0.296002	0.905126	0.347500	0.919539	0.183552	-0.886631	0.258517	0.383477	-430.409966	-350.610034	127.028432	2.926181	2.926857	4.677792	90.103284	90.063197	120.065420	212.285456	0.149986	0.128428	57.504024	0.957447	-419.971040	-1498.842945	370.058410	-1498.842945	-287.540443	237.767644	370.058410	237.767644	609.895605	-108.846783	-477.930273	-519.344717	-477.930273	927.411937	-784.071681	-519.344717	-784.071681	779.731886	473.469262	1.000000	104.057974	70.798106	257.549724	
10102	0.473185	-0.062350	-0.878759	-0.202404	0.963114	-0.177326	0.857401	0.261771	0.443111	-217.704727	-85.017489	-32.061053	2.928503	2.927311	4.675169	90.036031	89.998912	119.973846	116.629697	0.123242	0.104562	48.799592	0.867021	-801.644030	55.855105	722.302828	55.855105	1317.631888	302.317735	722.302828	302.317735	703.113566	-54.951661	-110.195517	674.254755	-110.195517	835.879948	256.667472	674.254755	256.667472	894.386454	300.650722	1.000000	104.153994	78.274893	265.805770	
10104	0.238964	-0.213804	-0.947198	0.116386	0.974733	-0.190657	0.964028	-0.064680	0.257810	-445.355776	383.999381	176.094919	2.928807	2.926951	4.676252	90.035932	89.987243	120.010461	122.269577	0.145532	0.134043	42.081363	0.847826	-694.944278	-22.384987	583.806951	-22.384987	677.449123	-199.074387	583.806951	-199.074387	1079.573918	-305.711903	-9.895750	601.829116	-9.895750	772.357059	137.152568	601.829116	137.152568	988.960972	472.941721	1.000000	283.972145	86.923654	99.164904	
10106	-0.005408	-0.196569	0.980475	0.193878	0.961679	0.193870	-0.981011	0.191141	0.032910	-205.545839	443.353723	205.435797	2.931851	2.926791	4.677418	89.907272	90.079268	120.095580	236.286729	0.154944	0.162540	53.017489	0.840426	-188.301856	-1075.229289	396.473703	-1075.229289	766.735929	-1356.642058	396.473703	-1356.642058	856.056741	-169.078445	-921.366906	175.755628	-921.366906	1449.246374	-1340.127177	175.755628	-1340.127177	831.463114	846.578511	1.000000	0.000000	0.000000	0.000000	
10108	0.114764	-0.164713	0.979642	-0.337328	0.921099	0.194387	-0.934366	-0.352769	0.050147	-189.957535	331.260138	244.646908	2.927877	2.932703	4.676866	90.039633	90.009906	120.139363	249.218758	0.138201	0.171526	53.293616	0.861702	-784.252076	3.104684	399.963429	3.104684	1863.937655	-1493.508411	399.963429	-1493.508411	458.867280	-308.364472	-376.476298	174.849436	-376.476298	1727.722080	-800.758663	174.849436	-800.758663	534.990662	1152.446746	1.000000	288.113565	90.931593	77.768164	
10109	0.315266	-0.268707	-0.910167	0.090517	0.963219	-0.253015	0.944677	-0.002618	0.327992	-364.540693	354.281959	152.097272	2.927599	2.927324	4.678961	90.050411	90.022841	119.944996	166.425242	0.127394	0.121705	33.711138	0.804348	586.973285	-619.551171	940.563085	-619.551171	463.098620	-31.512912	940.563085	-31.512912	964.571539	-273.215259	-174.806908	725.173962	-174.806908	571.062396	409.653768	725.173962	409.653768	1355.206865	486.491837	1.000000	103.672039	68.664667	244.502092	
10114	0.342205	-0.245219	0.907063	0.032432	0.967853	0.249418	-0.939065	-0.055935	0.339157	471.155433	-355.117378	-169.338980	2.933156	2.925438	4.671455	89.951441	90.106428	120.019704	169.986364	0.194002	0.168445	37.480283	0.804348	-1737.818799	-470.729545	-1033.913013	-470.729545	161.634506	927.364960	-1033.913013	927.364960	2487.578788	-702.052895	-552.150282	-659.187665	-552.150282	-15.718539	209.087194	-659.187665	209.087194	1922.814291	527.775320	1.000000	0.000000	0.000000	0.000000	
10250	0.173062	-0.132104	0.976018	-0.339841	0.922095	0.185068	-0.924430	-0.363718	0.114686	95.747432	56.554624	-14.130977	2.927680	2.925996	4.676813	90.007439	90.027392	119.919625	130.840423	0.131779	0.125451	120.675354	1.000000	-580.597033	-528.984518	197.801860	-528.984518	1270.766335	-795.280456	197.801860	-795.280456	694.914875	-375.442505	-379.676072	-70.997850	-379.676072	1363.109684	-980.297561	-70.997850	-980.297561	576.940435	656.381217	1.000000	0.000000	0.000000	0.000000	
10263	0.196152	-0.242640	-0.950086	0.294027	0.938873	-0.179072	0.935460	-0.244222	0.255504	82.807347	193.756709	34.718791	2.927145	2.927725	4.675130	90.045640	89.945937	119.964506	145.059010	0.125098	0.128020	77.559860	1.000000	-1065.756152	-534.151301	-12.040815	-534.151301	1265.241228	-61.580934	-12.040815	-61.580934	782.313829	-1130.965295	-455.460830	-45.042959	-455.460830	1479.582761	175.528643	-45.042959	175.528643	895.363744	714.786017	1.000000	283.645258	80.365147	106.217213	
10125	0.086676	-0.177154	0.980359	-0.118071	0.975300	0.186679	-0.989215	-0.131932	0.063618	36.476321	338.292769	-146.496181	2.924911	2.927189	4.677438	89.995335	89.950444	119.935007	167.686130	0.152013	0.122498	100.548704	1.000000	-370.700567	-409.055195	-698.301137	-409.055195	845.909513	619.856611	-698.301137	619.856611	348.834991	-608.814874	-612.224953	-164.019104	-612.224953	1343.823202	82.758439	-164.019104	82.758439	742.402308	544.599962	1.000000	0.000000	0.000000	0.000000	
10128	0.121696	-0.150288	-0.981131	-0.372454	0.909326	-0.185491	0.920045	0.387998	0.054685	-409.554826	468.897308	18.883241	2.928531	2.929938	4.670737	90.016834	89.973240	119.874566	257.797239	0.131173	0.146832	41.448739	0.845745	-1834.382673	-900.148546	-203.082704	-900.148546	3000.592352	684.177125	-203.082704	684.177125	1012.753155	-1035.887104	-280.481319	-375.902527	-280.481319	1482.110048	114.470807	-375.902527	114.470807	1231.492492	1095.166563	1.000000	107.969050	74.226646	270.568669	
10262	0.202426	-0.105801	-0.973565	-0.405675	0.895776	-0.181696	0.891320	0.431731	0.138408	350.833360	182.758795	123.413040	2.927968	2.927108	4.675791	90.115777	89.980083	120.045154	233.122169	0.127537	0.137723	41.444603	0.840426	-482.952122	-1164.911258	67.552934	-1164.911258	-95.396760	527.291151	67.552934	527.291151	956.305648	-406.066983	-454.593080	213.673549	-454.593080	543.677834	767.784853	213.673549	767.784853	910.175313	1268.106482	1.000000	103.430406	79.358590	268.543045	
10130	0.306017	-0.022987	-0.951754	-0.492347	0.851821	-0.178881	0.814837	0.523331	0.249353	-360.167810	-180.942334	-118.592238	2.927059	2.928272	4.673733	89.981357	89.980970	119.982104	179.668283	0.125469	0.122675	38.425406	0.808511	-1118.878847	-704.601184	307.342062	-704.601184	1114.568199	191.212807	307.342062	191.212807	667.901763	-1078.348874	-818.067002	131.645852	-818.067002	739.360238	-262.439937	131.645852	-262.439937	1061.993096	1082.861178	1.000000	0.000000	0.000000	0.000000	
10137	0.143587	-0.190372	0.971155	0.083458	0.980157	0.179797	-0.986112	0.055234	0.156626	97.035234	-297.845901	-41.960943	2.930000	2.931254	4.674020	89.995600	89.963502	120.033049	209.958154	0.129515	0.131107	76.169354	1.000000	-985.071704	-578.565477	-745.477052	-578.565477	2047.660026	-262.608585	-745.477052	-262.608585	1173.154230	-1280.157297	-301.061902	10.340337	-301.061902	1370.181220	211.481103	10.340337	211.481103	1371.241187	1130.978925	1.000000	0.000000	0.000000	0.000000	
10138	0.087575	-0.160336	-0.983177	-0.411899	0.892810	-0.182293	0.907019	0.420933	0.012146	-180.254965	-365.559457	-171.023462	2.926979	2.928399	4.671932	90.019944	89.962458	119.928740	221.408362	0.113732	0.129767	39.961337	0.847826	-1604.453693	-673.074481	-361.265632	-673.074481	1829.353763	306.896726	-361.265632	306.896726	607.200009	-974.371717	-271.500265	119.450124	-271.500265	1035.943716	31.902441	119.450124	31.902441	857.641152	715.466599	1.000000	0.000000	0.000000	0.000000	
10139	-0.000927	-0.179059	-0.983838	0.164914	0.970340	-0.176758	0.986308	-0.162412	0.028629	332.111775	336.587622	-169.032676	2.924892	2.925054	4.680797	89.872799	90.044524	119.923025	288.082281	0.148825	0.176734	60.484048	0.872340	557.021237	-1049.961110	-141.219733	-1049.961110	-131.491125	786.318033	-141.219733	786.318033	498.324055	-827.022605	-806.665545	52.031194	-806.665545	1252.235772	705.861780	52.031194	705.861780	635.136732	1061.599488	1.000000	0.000000	0.000000	0.000000	
10140	0.140078	-0.123641	-0.982397	-0.571947	0.799798	-0.182218	0.808250	0.587401	0.041317	-266.719553	-207.573572	160.778395	2.928212	2.930942	4.670422	89.943963	89.967092	120.103057	259.132238	0.160573	0.171831	33.610076	0.804348	-1694.465758	-1288.366999	-32.180743	-1288.366999	858.641386	-1151.369086	-32.180743	-1151.369086	876.384567	-1544.733846	-564.833743	-209.751824	-564.833743	1311.164172	-661.526872	-209.751824	-661.526872	994.801702	956.529389	1.000000	0.000000	0.000000	0.000000	
10286	0.346711	-0.133078	-0.928484	-0.074032	0.982913	-0.168524	0.935046	0.127167	0.330935	-23.748424	-322.583035	-123.706187	2.931591	2.928681	4.674497	90.046242	89.960724	120.019208	129.464442	0.120161	0.103139	43.655368	0.861702	-791.187430	-599.870681	782.416339	-599.870681	997.500777	587.222380	782.416339	587.222380	1935.285392	-684.210978	-575.589658	862.420783	-575.589658	604.140620	170.793608	862.420783	170.793608	1612.179545	660.030611	1.000000	0.000000	0.000000	0.000000	
10145	-0.000036	-0.181883	-0.983320	0.163578	0.970074	-0.179439	0.986530	-0.160856	0.029717	354.940450	339.468844	-172.404858	2.924599	2.925915	4.678464	89.934287	89.991211	119.870030	234.771047	0.162591	0.165456	60.989925	0.946809	-101.801997	-746.606796	-527.695024	-746.606796	491.199102	1279.159468	-527.695024	1279.159468	763.819708	-529.975483	-588.185549	-53.226703	-588.185549	1129.980122	845.982755	-53.226703	845.982755	607.825145	1299.507610	1.000000	103.238165	85.883954	252.106137	
10287	0.339602	-0.049724	-0.939254	-0.335595	0.926469	-0.170387	0.878662	0.373072	0.297944	-436.026758	444.994616	112.573928	2.927060	2.923005	4.675680	89.887702	90.024954	119.958013	280.872623	0.143455	0.162004	35.564648	0.803191	-978.794230	691.227748	740.609745	691.227748	-162.869190	-784.850728	740.609745	-784.850728	661.954148	-910.729564	-73.292918	496.865564	-73.292918	749.203999	-109.761528	496.865564	-109.761528	1105.829319	1248.598939	1.000000	103.326216	69.422746	260.217181	
10149	0.242709	-0.260729	-0.934405	0.098979	0.964835	-0.243510	0.965037	-0.033384	0.259980	-406.545206	375.154098	-83.213197	2.926670	2.922359	4.674384	89.887083	90.032846	119.893869	194.759864	0.157601	0.132008	45.428519	0.836957	-1536.485216	678.610243	634.795368	678.610243	-541.961288	-508.030494	634.795368	-508.030494	1612.773946	-389.500878	-320.845161	573.167123	-320.845161	307.052587	-220.565947	573.167123	-220.565947	1428.673150	1024.906328	1.000000	0.000000	0.000000	0.000000	
10151	0.120856	-0.147606	-0.981642	-0.371818	0.910163	-0.182638	0.920412	0.387064	0.055116	-417.650963	451.214173	22.731196	2.928171	2.926271	4.675857	90.041829	89.958864	119.934797	374.496960	0.178663	0.248977	42.940492	0.829787	-923.022313	-202.273254	-410.304702	-202.273254	1281.141117	658.020021	-410.304702	658.020021	932.216425	-752.736072	-312.628960	-266.320808	-312.628960	1150.811626	290.319833	-266.320808	290.319833	1164.226903	2096.739307	1.000000	0.000000	0.000000	0.000000	
10296	0.439763	-0.036677	0.897370	-0.235737	0.959419	0.154740	-0.866629	-0.279591	0.413271	42.891734	67.953825	137.426461	2.927337	2.927442	4.678206	90.029707	90.060605	119.969565	115.120533	0.120461	0.116288	37.393217	0.813830	-249.114262	-828.265818	-77.290768	-828.265818	988.959516	-457.623986	-77.290768	-457.623986	816.062726	-384.584316	-920.042154	-81.570833	-920.042154	1262.604845	-374.078822	-81.570833	-374.078822	542.840767	544.554091	1.000000	107.499300	83.437433	246.212425	
10292	0.037727	-0.170511	-0.984633	-0.004118	0.985300	-0.170784	0.999280	0.010498	0.036470	197.947851	-316.889915	37.705561	2.927329	2.922613	4.676184	89.972046	90.052074	119.954570	242.766436	0.152326	0.156611	37.013398	0.816667	-866.687596	232.663023	448.140231	232.663023	-735.072651	116.103916	448.140231	116.103916	1223.982003	-793.612569	-440.806658	777.732598	-440.806658	1021.270642	36.220141	777.732598	36.220141	1116.371338	1421.769331	1.000000	0.000000	0.000000	0.000000	
10295	0.307687	0.018734	0.951309	-0.560218	0.811704	0.165214	-0.769087	-0.583772	0.260244	335.102302	74.567178	3.771284	2.927736	2.932020	4.677713	89.999975	90.052487	120.065278	163.001221	0.125074	0.119726	55.949907	0.914894	-434.132424	-840.660599	-11.909392	-840.660599	1756.532112	788.384768	-11.909392	788.384768	864.813214	-990.718451	-727.946738	-272.559798	-727.946738	1639.209804	778.617348	-272.559798	778.617348	945.552590	723.824014	1.000000	0.000000	0.000000	0.000000	
10163	0.013919	-0.245696	-0.969247	0.165573	0.956525	-0.240094	0.986099	-0.157140	0.053994	402.107969	-275.261281	-33.242021	2.931886	2.932441	4.678554	90.120437	89.938292	120.117157	181.755486	0.121622	0.118228	78.913117	1.000000	358.289223	-1610.197553	25.589384	-1610.197553	2161.536899	792.722434	25.589384	792.722434	881.587957	-638.514060	-775.599615	92.227966	-775.599615	1391.629890	598.725993	92.227966	598.725993	882.972329	854.802411	1.000000	0.000000	0.000000	0.000000	
10164	0.363902	-0.165351	0.916643	-0.131621	0.965113	0.226347	-0.922091	-0.203018	0.329443	351.504112	297.175977	182.027573	2.931392	2.929256	4.675168	90.070907	90.059065	120.085548	219.849895	0.161845	0.174843	46.397776	0.851064	-986.471754	-1355.939453	60.426505	-1355.939453	1354.613768	698.536065	60.426505	698.536065	1372.185200	-430.120832	-1437.268536	-28.838664	-1437.268536	688.731983	492.699214	-28.838664	492.699214	1317.869299	1127.443700	1.000000	103.004833	90.652332	262.510319	
10301	0.175995	-0.095390	-0.979758	-0.459019	0.872513	-0.167402	0.870820	0.479190	0.109773	322.634491	40.380057	94.825506	2.927274	2.928170	4.677387	90.008431	89.972391	119.993300	109.126011	0.114269	0.105941	45.482959	0.809783	-562.510127	-241.650080	-92.246486	-241.650080	1119.720225	1.131645	-92.246486	1.131645	813.024941	-440.381857	-101.596155	33.326931	-101.596155	1159.428081	129.858675	33.326931	129.858675	1014.570388	773.627022	1.000000	287.175899	73.564419	48.886984	
10167	0.175749	-0.095206	-0.979827	-0.458672	0.872758	-0.167077	0.871060	0.478781	0.109718	312.818380	28.301014	104.080235	2.928461	2.928917	4.674182	90.019230	89.954033	120.030051	155.355763	0.125790	0.125251	45.425918	0.815217	-1209.226131	-460.044362	-73.322482	-460.044362	931.244686	-314.169252	-73.322482	-314.169252	1253.759033	-762.273289	-207.577035	24.709051	-207.577035	1225.946162	138.261267	24.709051	138.261267	1183.055488	1191.502046	1.000000	102.889515	80.047906	261.143851	
10168	0.207087	-0.133641	-0.969152	-0.115663	0.980334	-0.159898	0.971461	0.145207	0.187557	-402.762991	-43.016595	-124.960164	2.932328	2.926257	4.676744	89.986050	89.996002	120.117687	132.517658	0.112244	0.095035	54.027193	0.946809	-512.166083	-655.671013	424.810433	-655.671013	748.044306	-1588.845334	424.810433	-1588.845334	812.538299	-352.450063	-344.586904	775.658575	-344.586904	811.300563	-1180.022865	775.658575	-1180.022865	852.721391	621.801990	1.000000	0.000000	0.000000	0.000000	
10314	0.163177	-0.135407	0.977261	-0.104941	0.982535	0.153661	-0.981000	-0.127629	0.146117	94.048120	55.904346	-242.946825	2.927822	2.928507	4.676401	90.005050	90.021446	120.014745	147.926172	0.120467	0.128283	49.755665	0.898936	-753.514553	-322.378996	5.858135	-322.378996	1155.483486	9.173987	5.858135	9.173987	843.924203	-808.307698	-342.854261	-180.942455	-342.854261	1137.638123	167.600420	-180.942455	167.600420	935.977648	1041.049331	1.000000	282.574716	71.068603	73.630795	
10181	0.044851	-0.154089	-0.987038	-0.025812	0.987524	-0.155338	0.998660	0.032445	0.040314	157.383328	-402.388815	40.341739	2.928194	2.928175	4.675002	90.064010	89.977320	120.021323	211.837342	0.129873	0.137774	37.912962	0.816667	-1172.038780	191.033570	218.982018	191.033570	1213.101352	-171.448406	218.982018	-171.448406	852.694430	-716.925492	-243.323758	752.297201	-243.323758	1227.099349	-59.999396	752.297201	-59.999396	1065.336833	808.353980	1.000000	0.000000	0.000000	0.000000	
10182	0.091846	-0.141481	-0.985678	-0.159546	0.974976	-0.154813	0.982916	0.171480	0.066975	102.687320	6.882599	-167.705790	2.925737	2.927945	4.675014	89.995877	89.991801	119.966711	167.952393	0.134924	0.130433	47.547594	0.909574	-970.793127	-472.533693	99.322214	-472.533693	1167.021185	-276.990539	99.322214	-276.990539	332.689959	-823.981115	-569.221349	-164.677795	-569.221349	1326.196016	-102.430920	-164.677795	-102.430920	550.564578	791.158718	1.000000	0.000000	0.000000	0.000000	
10183	0.447192	-0.046120	-0.893253	-0.173764	0.975163	-0.137343	0.877402	0.216634	0.428071	-338.231480	-153.831514	-125.565891	2.928971	2.926333	4.676618	90.000907	90.030255	119.959943	189.269741	0.127196	0.120725	44.792736	0.888298	-358.128690	241.261218	712.698963	241.261218	1335.547859	603.582578	712.698963	603.582578	516.861635	-467.636079	-351.214801	701.525832	-351.214801	578.510492	401.790619	701.525832	401.790619	1005.150195	939.785963	1.000000	107.004451	78.582821	264.944613	
10184	0.377836	-0.167689	0.910560	-0.087098	0.972663	0.215268	-0.921767	-0.160644	0.352902	-94.990710	68.943763	-232.427931	2.929309	2.927630	4.677498	90.008453	90.068473	119.989030	248.447437	0.131391	0.142863	46.844282	0.882979	-665.439845	-394.444385	-172.239234	-394.444385	846.179147	153.026987	-172.239234	153.026987	1766.238954	-581.857408	-517.589096	-659.998193	-517.589096	962.487471	75.477135	-659.998193	75.477135	802.787628	995.128379	1.000000	0.000000	0.000000	0.000000	
10189	0.019883	-0.150987	0.988336	-0.174602	0.972816	0.152129	-0.984438	-0.175590	-0.007020	132.230101	214.343290	216.286740	2.926918	2.926044	4.675927	89.847445	90.067380	119.940277	283.907993	0.178003	0.171278	40.938601	0.851064	-437.943682	-1472.025343	70.259260	-1472.025343	101.359950	591.465210	70.259260	591.465210	1077.066866	-631.578866	-1208.239534	-28.128037	-1208.239534	1125.322331	638.277468	-28.128037	638.277468	804.115095	1704.775133	1.000000	0.000000	0.000000	0.000000	
10190	0.375824	-0.167857	0.911362	-0.086919	0.972737	0.215005	-0.922606	-0.160019	0.350988	-90.698990	70.137982	-227.720867	2.928150	2.927456	4.673358	89.971991	89.945665	120.046109	284.306923	0.115322	0.147408	47.332551	0.867021	-611.943011	-405.241896	-1226.578300	-405.241896	889.631981	145.215365	-1226.578300	145.215365	-246.751288	-745.934086	-620.400836	-666.144194	-620.400836	773.324047	89.407881	-666.144194	89.407881	978.019028	980.299779	1.000000	102.332210	78.833447	274.282416	
10192	0.398077	-0.304795	-0.865237	0.414490	0.901182	-0.126759	0.818372	-0.308172	0.485075	-428.518642	93.478603	-109.949063	2.929274	2.927014	4.673980	90.092017	89.942259	120.019814	146.040941	0.133929	0.124994	62.354176	0.962766	-1108.878292	333.119302	1005.962686	333.119302	629.412915	-296.573345	1005.962686	-296.573345	1141.365239	-27.694672	-117.370018	688.333959	-117.370018	743.068678	-302.549310	688.333959	-302.549310	935.546674	605.014946	1.000000	0.000000	0.000000	0.000000	
10194	0.115085	-0.106879	-0.987596	-0.511843	0.845676	-0.151170	0.851344	0.522888	0.042619	-207.815386	-258.693091	33.797942	2.927617	2.928762	4.677304	90.067868	90.005351	119.977635	215.569819	0.156776	0.157275	49.865889	0.923913	-733.803713	370.971766	116.827924	370.971766	1671.816130	87.212970	116.827924	87.212970	891.283767	-850.821602	123.652442	211.325950	123.652442	1158.532412	-79.570654	211.325950	-79.570654	781.419882	899.136975	1.000000	0.000000	0.000000	0.000000	
10196	0.056020	-0.170715	-0.983727	0.284772	0.947080	-0.148139	0.956957	-0.271839	0.101670	70.075214	-247.147274	148.563060	2.930261	2.929767	4.676380	90.097616	89.916332	120.068777	188.551265	0.123572	0.132030	32.906234	0.803191	-1010.526308	310.552333	-214.692078	310.552333	1392.705864	-801.237898	-214.692078	-801.237898	1576.247582	-859.197656	12.349974	-199.383379	12.349974	1800.841001	-410.506960	-199.383379	-410.506960	995.228071	648.743598	1.000000	0.000000	0.000000	0.000000	
10197	0.019154	-0.147295	-0.988907	-0.148365	0.977719	-0.148503	0.988747	0.149563	-0.003126	189.216777	-320.667520	-42.735843	2.929130	2.928245	4.676771	90.042324	90.003960	120.030515	228.573681	0.145071	0.148570	54.029625	0.914894	-746.290382	34.425533	347.239709	34.425533	1268.186746	-288.129749	347.239709	-288.129749	1000.932748	-893.096153	-117.915406	560.963297	-117.915406	1071.802522	38.283488	560.963297	38.283488	1226.039409	1096.109776	1.000000	0.000000	0.000000	0.000000	
10198	0.040375	-0.140334	0.989281	-0.277370	0.949601	0.146026	-0.959915	-0.280292	-0.000584	-313.942931	-269.551590	181.829482	2.927933	2.929947	4.673901	89.935833	90.007479	120.077553	247.274475	0.141632	0.158053	49.994526	0.930851	-1071.695882	-961.203082	37.411867	-961.203082	1085.917733	-802.110252	37.411867	-802.110252	592.550333	-892.189297	-374.942520	65.020962	-374.942520	1754.625895	-445.179663	65.020962	-445.179663	375.640514	1237.461978	1.000000	102.270223	88.736986	245.860000	
10201	0.263218	-0.199755	-0.943830	0.239653	0.961201	-0.136596	0.934496	-0.190237	0.300877	-250.719563	54.518545	38.319045	2.929957	2.928683	4.673282	90.084431	89.910838	120.059311	286.119515	0.145594	0.165446	48.885797	0.877660	-1598.794043	35.342254	408.441833	35.342254	1064.794913	-733.203767	408.441833	-733.203767	1451.632733	-619.599697	-312.570190	189.496924	-312.570190	1232.366234	-488.326730	189.496924	-488.326730	921.029392	724.242955	1.000000	101.982732	74.232842	230.827436	
10204	0.047454	-0.136788	-0.989471	-0.224768	0.963712	-0.144010	0.973264	0.229234	0.014986	-15.724540	-233.193765	-38.908201	2.927927	2.925961	4.676284	89.993913	90.023065	119.885374	158.507910	0.114737	0.111200	81.116889	0.968085	-763.732658	-293.729957	68.658754	-293.729957	2078.916853	879.508100	68.658754	879.508100	374.082358	-831.083583	-192.085323	141.411974	-192.085323	1629.747354	274.879953	141.411974	274.879953	453.854249	383.738404	1.000000	0.000000	0.000000	0.000000	
10210	0.257064	-0.193128	-0.946900	0.237079	0.962488	-0.131946	0.936863	-0.190572	0.293208	-253.043696	71.263641	10.144392	2.928631	2.931120	4.675935	89.996375	89.934761	120.104761	275.631410	0.130787	0.161677	44.015215	0.904255	-940.078058	-824.217216	-29.407864	-824.217216	1577.562244	-909.884387	-29.407864	-909.884387	767.930252	-1385.167845	-150.498148	56.174582	-150.498148	1703.733182	-851.837266	56.174582	-851.837266	864.900369	785.392411	1.000000	0.000000	0.000000	0.000000	
10348	0.195074	-0.052562	0.979386	-0.421359	0.897225	0.132083	-0.885672	-0.438436	0.152877	223.444520	-41.730356	-3.581964	2.928734	2.927809	4.678245	90.049001	89.994542	119.995906	205.871956	0.131242	0.140666	50.206258	0.856383	-174.201110	-596.182359	-289.390787	-596.182359	879.540542	-253.586467	-289.390787	-253.586467	1197.636784	-1052.973715	-569.928803	-70.650938	-569.928803	1726.633967	-897.072345	-70.650938	-897.072345	1048.314617	555.140597	1.000000	0.000000	0.000000	0.000000	
10349	0.156809	-0.163775	-0.973962	0.197736	0.971394	-0.131508	0.967639	-0.171963	0.184707	-206.044185	64.780189	-188.260134	2.929857	2.930367	4.674611	89.992364	90.058930	120.004783	184.335513	0.123809	0.129679	41.661395	0.856383	-763.271748	-689.777796	872.790246	-689.777796	1571.409694	299.722995	872.790246	299.722995	1486.735849	-1030.797107	-819.764456	620.413111	-819.764456	1928.157920	577.754785	620.413111	577.754785	631.447468	932.918957	1.000000	102.106309	79.396864	230.329984	
10218	0.067772	-0.115829	-0.990962	-0.451553	0.882126	-0.133994	0.889675	0.456551	0.007480	-181.341007	304.593840	-211.947571	2.925953	2.927621	4.676203	89.950885	89.953577	119.880429	142.046441	0.120936	0.116399	78.247034	1.000000	-565.786213	-1114.221330	-463.561148	-1114.221330	1931.708911	735.929784	-463.561148	735.929784	246.318800	-619.191186	-739.998846	-449.722758	-739.998846	1191.288470	632.580536	-449.722758	632.580536	692.879216	304.138443	1.000000	0.000000	0.000000	0.000000	
10225	0.387601	0.015517	-0.921702	-0.319151	0.940281	-0.118385	0.864823	0.340046	0.369406	329.784840	259.209865	104.825810	2.928804	2.925568	4.677485	89.908598	89.923564	120.022911	161.087195	0.116004	0.114528	53.678768	0.882979	-307.437615	-1221.451078	165.132656	-1221.451078	-284.757851	828.845775	165.132656	828.845775	1313.883343	-420.238749	-400.634875	10.176681	-400.634875	899.697025	913.885639	10.176681	913.885639	1328.664137	379.684425	1.000000	0.000000	0.000000	0.000000	
10356	0.217443	-0.109207	0.969944	-0.073319	0.989086	0.127799	-0.973315	-0.098904	0.207063	312.570739	473.166345	-42.563851	2.928562	2.923337	4.677142	90.001378	90.036486	119.952249	181.341629	0.121114	0.115767	53.387233	0.902174	-651.893490	-58.412265	-158.035246	-58.412265	-538.764225	304.654392	-158.035246	304.654392	1710.307887	-965.894513	-174.783125	-229.133422	-174.783125	623.189065	147.107026	-229.133422	147.107026	1713.519124	800.365738	1.000000	0.000000	0.000000	0.000000	
10227	0.058931	-0.161786	-0.985065	0.378003	0.916916	-0.127979	0.923927	-0.364816	0.115190	-104.035262	-22.015353	78.863075	2.926820	2.930765	4.673378	90.005722	90.020101	120.027029	111.424064	0.117699	0.108593	63.630337	0.962766	-1312.231087	-331.942679	461.853786	-331.942679	1824.274052	-397.927168	461.853786	-397.927168	393.583127	-1363.273594	-502.759521	372.871703	-502.759521	1698.655032	-190.174861	372.871703	-190.174861	530.634603	471.566995	1.000000	0.000000	0.000000	0.000000	
10375	0.169762	-0.190988	0.966801	0.345875	0.930181	0.123022	-0.922795	0.313508	0.223967	-345.563212	378.709240	33.529155	2.926664	2.927134	4.673821	89.879213	90.131312	120.028285	197.734753	0.123242	0.120550	61.784923	0.984043	-1810.813606	381.898054	465.847377	381.898054	695.512947	521.022916	465.847377	521.022916	804.701375	-767.475636	-490.904242	112.893622	-490.904242	1504.233541	593.268282	112.893622	593.268282	686.134696	992.962449	1.000000	0.000000	0.000000	0.000000	
10233	0.024641	-0.125478	-0.991798	-0.277541	0.952233	-0.127371	0.960406	0.278402	-0.011361	196.586575	-324.407232	-166.407429	2.927232	2.927194	4.675472	89.910775	90.084579	119.866191	187.428572	0.126740	0.127970	54.260960	0.898936	-854.964521	-730.632588	717.032918	-730.632588	2435.605417	821.975582	717.032918	821.975582	310.360217	-757.064847	-453.951766	641.846375	-453.951766	1880.570912	830.920913	641.846375	830.920913	286.530867	869.267436	1.000000	281.771833	84.285679	62.940936	
10236	0.236907	-0.214696	-0.947513	0.117251	0.974466	-0.191487	0.964431	-0.065732	0.256032	-438.288527	391.311930	176.293289	2.925753	2.927468	4.680668	90.044265	90.062173	119.925186	177.295929	0.149039	0.127017	42.113741	0.842391	846.140464	-499.634372	1118.739232	-499.634372	526.032523	-480.142384	1118.739232	-480.142384	623.282365	-139.093347	-114.939093	685.367372	-114.939093	861.135039	158.648508	685.367372	158.648508	927.947080	640.856216	1.000000	101.463670	67.450771	286.255200	
10237	0.346740	-0.095516	0.933085	-0.033430	0.992911	0.114062	-0.937366	-0.070743	0.341088	231.856284	402.107058	-21.093584	2.926896	2.923387	4.675129	89.899052	90.060678	119.883608	186.517128	0.125070	0.121376	88.060434	0.983696	-557.960277	-1119.516307	-804.929835	-1119.516307	-710.680801	399.349444	-804.929835	399.349444	1494.751270	-642.880230	-658.526964	-550.608678	-658.526964	747.238922	379.071196	-550.608678	379.071196	1490.994535	454.016462	1.000000	281.408666	63.697439	73.022057	
10238	-0.005011	-0.197641	0.980262	0.192251	0.961797	0.194901	-0.981333	0.189433	0.033177	-194.570433	442.460149	201.934469	2.922565	2.926168	4.677382	90.097224	89.994274	119.788672	271.539059	0.148920	0.160377	52.889546	0.840426	-184.541781	-1126.532821	661.711689	-1126.532821	857.147035	-2148.466100	661.711689	-2148.466100	453.789974	-126.248565	-1044.529028	220.055967	-1044.529028	1320.829833	-1307.570655	220.055967	-1307.570655	880.826273	896.314483	1.000000	0.000000	0.000000	0.000000	
10241	0.170514	-0.079158	-0.982177	-0.238985	0.963684	-0.119160	0.955942	0.255043	0.145404	224.644506	-407.893468	-221.783311	2.926644	2.927694	4.675863	89.991362	89.975525	119.959560	148.227154	0.120421	0.120082	52.800574	0.898936	-804.823895	-520.432561	44.530134	-520.432561	1308.306480	66.428358	44.530134	66.428358	503.105294	-937.561904	-555.464398	153.916361	-555.464398	1516.672376	392.836870	153.916361	392.836870	656.925873	703.552569	1.000000	281.380738	75.059850	93.838446	
10244	0.418278	-0.302839	0.856353	0.444570	0.890398	0.097731	-0.792092	0.339827	0.507065	167.484246	-175.177629	95.311637	2.929320	2.931676	4.677602	89.997856	90.001253	120.012730	129.868798	0.112605	0.099270	55.035646	0.934783	-7.029952	-38.653548	-855.566109	-38.653548	2082.007745	-463.508095	-855.566109	-463.508095	1043.351547	-263.069067	347.490004	-1008.892469	347.490004	1199.566061	-309.231940	-1008.892469	-309.231940	1258.404802	441.110210	1.000000	0.000000	0.000000	0.000000	
10246	0.202779	-0.100231	-0.974081	-0.025581	0.993866	-0.107592	0.978890	0.046736	0.198971	104.339114	229.739399	121.097459	2.928218	2.927984	4.672525	89.880237	90.010024	119.947291	370.430637	0.172274	0.208549	53.339977	0.847826	-1450.315580	-1188.167751	62.128332	-1188.167751	744.980793	610.836534	62.128332	610.836534	1757.153597	-704.081395	-730.068751	462.417215	-730.068751	716.154447	-123.222855	462.417215	-123.222855	712.252918	1017.735039	1.000000	101.184874	88.114064	281.025426	
10251	0.018046	-0.113205	-0.993408	-0.099028	0.988482	-0.114442	0.994921	0.100440	0.006628	-119.143762	353.959345	-228.786481	2.928424	2.928885	4.676658	90.005637	89.998977	120.053377	294.363208	0.137036	0.171817	39.298508	0.833333	-696.285705	-197.201171	70.418443	-197.201171	1387.853483	-337.059018	70.418443	-337.059018	554.296463	-723.777019	-374.000594	-29.625454	-374.000594	614.967548	-671.439834	-29.625454	-671.439834	893.527461	1162.866627	1.000000	0.000000	0.000000	0.000000	
10252	0.088088	-0.174192	0.980764	-0.119825	0.975588	0.184036	-0.988879	-0.133731	0.065065	37.877940	338.109207	-143.279242	2.926918	2.926820	4.677916	90.025677	90.005767	119.987322	142.624096	0.139424	0.129169	102.385572	1.000000	-362.360370	-371.946121	146.873184	-371.946121	492.505211	-62.653039	146.873184	-62.653039	829.983630	-621.841223	-615.592730	-151.111112	-615.592730	1311.211014	98.558982	-151.111112	98.558982	878.342636	371.783104	1.000000	101.223215	87.125611	249.315987	
10254	0.273213	0.042191	0.961028	-0.519647	0.847200	0.110538	-0.809519	-0.529596	0.253390	55.270736	-369.295843	207.259630	2.928583	2.930346	4.675557	89.991794	90.048523	120.012823	130.810711	0.147164	0.117127	49.261557	0.930851	-1034.423203	-52.505663	-149.842776	-52.505663	1688.465944	-272.475172	-149.842776	-272.475172	1319.331668	-1019.372421	-100.503406	51.471931	-100.503406	983.108810	53.503333	51.471931	53.503333	1312.190971	614.881462	1.000000	285.535286	70.853042	90.158795	
10394	0.271557	-0.232298	0.933967	0.410629	0.905637	0.105859	-0.870426	0.354767	0.341320	-427.294979	383.224215	-42.284682	2.927990	2.928789	4.674847	89.887741	90.136383	120.054799	179.731622	0.134280	0.113888	43.153492	0.867021	-1642.065301	83.146809	143.155023	83.146809	949.055256	765.645298	143.155023	765.645298	1353.365778	-687.287264	3.145142	-329.255553	3.145142	1049.795131	176.122549	-329.255553	176.122549	1132.802292	788.958706	1.000000	0.000000	0.000000	0.000000	
10257	0.204274	-0.102643	-0.973518	-0.025207	0.993606	-0.110050	0.978589	0.047020	0.200380	149.112226	250.528789	128.672373	2.927696	2.928335	4.674520	89.910871	89.993090	119.897066	332.879323	0.147905	0.177525	54.585161	0.923913	-1107.191924	-797.314582	1.787490	-797.314582	895.794986	1057.226541	1.787490	1057.226541	2137.150027	-637.341528	-579.069291	430.918320	-579.069291	860.386303	20.644454	430.918320	20.644454	1027.835539	884.700372	1.000000	0.000000	0.000000	0.000000	
10410	0.441862	-0.088390	0.892718	0.006416	0.995420	0.095383	-0.897060	-0.036419	0.440405	50.944016	61.799513	213.049481	2.928485	2.926328	4.677328	90.064602	90.007719	119.958473	145.431094	0.120478	0.112676	52.225645	0.888889	-378.054310	-534.008226	-566.760443	-534.008226	338.564290	-395.179775	-566.760443	-395.179775	1532.137728	-377.337310	-607.947489	-770.492753	-607.947489	549.470007	-30.520008	-770.492753	-30.520008	1506.027395	396.716373	1.000000	0.000000	0.000000	0.000000	
10266	0.204487	-0.099062	-0.973844	-0.023540	0.994081	-0.106064	0.978586	0.044613	0.200944	154.853963	255.512073	109.908866	2.928979	2.927770	4.674943	89.926096	90.059371	119.995324	218.057942	0.137985	0.135814	57.975939	0.940217	-738.675618	-846.054074	661.282491	-846.054074	789.925040	107.039431	661.282491	107.039431	1221.744192	-865.324625	-656.430070	365.945597	-656.430070	781.483250	-33.387177	365.945597	-33.387177	1183.965110	462.326399	1.000000	105.374799	70.174475	266.591257	
10267	0.253412	-0.073277	-0.964585	-0.110834	0.988361	-0.104202	0.960994	0.133315	0.242341	-173.563198	-438.462051	-42.746059	2.927521	2.927361	4.674089	89.864045	90.017157	120.081389	191.890666	0.124460	0.109429	49.352070	0.914894	-574.580044	-1167.898262	1117.138996	-1167.898262	-627.223435	209.446920	1117.138996	209.446920	782.671864	-275.620415	-310.566099	919.858821	-310.566099	1318.238480	-122.607276	919.858821	-122.607276	598.540212	311.260859	1.000000	0.000000	0.000000	0.000000	
10270	0.145809	-0.189191	0.971054	0.084883	0.980317	0.178250	-0.985665	0.056435	0.158998	105.773763	-287.067455	-38.357831	2.929820	2.929388	4.675972	89.965657	90.096463	120.042301	135.292007	0.150415	0.146233	77.156182	1.000000	-1046.086858	-275.513373	350.574391	-275.513373	1435.221819	532.141478	350.574391	532.141478	1469.775698	-1265.967546	-387.058406	49.472092	-387.058406	1219.862231	279.120637	49.472092	279.120637	1412.399209	1016.572673	1.000000	0.000000	0.000000	0.000000	
10272	-0.001978	-0.180698	-0.983537	0.164528	0.970076	-0.178556	0.986370	-0.162173	0.027811	304.693406	345.055798	-163.759252	2.927634	2.925064	4.686290	90.046178	89.981946	120.037650	329.817715	0.147176	0.176996	62.262751	0.803191	1444.199359	-149.670914	-29.466674	-149.670914	126.427929	647.521353	-29.466674	647.521353	315.370875	-113.646555	-713.363934	47.255480	-713.363934	885.734626	691.872209	47.255480	691.872209	328.251704	1503.808647	1.000000	0.000000	0.000000	0.000000	
10273	0.139652	-0.123646	-0.982450	-0.573609	0.798643	-0.182050	0.807137	0.588966	0.040608	-272.765469	-201.412532	149.392362	2.927680	2.926987	4.675984	90.079438	89.971264	119.989966	259.723808	0.143252	0.166795	33.781509	0.804348	-598.527987	-893.703964	-217.893587	-893.703964	531.709638	-184.473485	-217.893587	-184.473485	904.425513	-1058.185410	-822.146755	-498.815752	-822.146755	1188.194097	-632.638761	-498.815752	-632.638761	963.678910	1076.799008	1.000000	0.000000	0.000000	0.000000	
10402	0.186112	-0.044364	-0.981526	-0.324672	0.940086	-0.104053	0.927335	0.338039	0.160558	-403.308697	434.395664	230.929913	2.926966	2.930412	4.672447	89.969993	90.021635	119.990546	183.282262	0.132119	0.137159	63.447585	0.994681	-1516.152085	-147.497077	497.455127	-147.497077	2003.232742	41.276156	497.455127	41.276156	516.365759	-824.252354	-299.052999	212.005536	-299.052999	1661.703794	156.630863	212.005536	156.630863	633.418427	946.160134	1.000000	100.736781	83.414510	248.522653	
10280	-0.001011	-0.181739	-0.983346	0.164325	0.969949	-0.179432	0.986406	-0.161770	0.028883	371.374087	348.136075	-172.486512	2.929018	2.924516	4.681488	90.111770	89.912613	120.045564	245.588955	0.174733	0.163101	62.924733	0.968085	651.447687	-890.296604	-324.794575	-890.296604	-212.550687	956.345381	-324.794575	956.345381	624.868087	-642.585291	-981.604247	28.649848	-981.604247	851.974673	797.455338	28.649848	797.455338	680.990461	878.091223	1.000000	0.000000	0.000000	0.000000	
10411	0.192261	-0.137888	0.971608	0.199236	0.974944	0.098936	-0.960906	0.174558	0.214916	-246.816331	259.491154	73.713584	2.926953	2.929990	4.677984	90.080839	89.995263	119.980976	190.957506	0.135259	0.127208	70.635840	1.000000	-312.470849	-899.603572	10.072389	-899.603572	1680.792680	-444.729927	10.072389	-444.729927	764.961521	-1151.537057	-172.049765	145.785789	-172.049765	1388.159960	-804.304897	145.785789	-804.304897	716.099683	665.720483	1.000000	0.000000	0.000000	0.000000	
10285	0.172440	-0.034406	-0.984426	-0.397763	0.911852	-0.101549	0.901145	0.409077	0.143554	-15.913607	422.524470	120.646999	2.930324	2.925034	4.675781	90.051676	89.894667	119.842381	259.930044	0.165727	0.156038	51.235654	0.898936	-1115.686438	-147.641471	-734.205601	-147.641471	1975.153326	1812.657930	-734.205601	1812.657930	1656.771918	-1126.446271	-424.301047	-479.880920	-424.301047	1413.488944	995.510569	-479.880920	995.510569	1359.947954	839.607835	1.000000	0.000000	0.000000	0.000000	
10300	0.129627	-0.030933	-0.991087	-0.525810	0.845264	-0.095158	0.840675	0.533455	0.093303	-414.662297	-150.461788	215.288816	2.928304	2.928083	4.673092	89.924746	90.066177	120.027773	164.239594	0.124585	0.116766	43.414548	0.831522	-1240.635051	-664.269975	805.017086	-664.269975	683.889388	-115.163151	805.017086	-115.163151	983.130963	-838.899669	-222.402502	137.334947	-222.402502	1098.263204	-407.463791	137.334947	-407.463791	1319.906310	812.767576	1.000000	280.673963	75.196557	104.631807	
10294	0.345056	-0.122643	0.930535	0.112950	0.989647	0.088550	-0.931761	0.074549	0.355336	-124.036375	193.180790	230.427731	2.927760	2.929575	4.675243	89.980270	90.013324	119.972011	203.541482	0.118395	0.128343	71.847365	0.994565	-657.781341	-526.259469	-782.327805	-526.259469	1413.840219	281.162682	-782.327805	281.162682	1017.380608	-730.308415	-388.765811	-403.362783	-388.765811	814.108189	-5.680911	-403.362783	-5.680911	1235.901908	445.555407	1.000000	100.781150	86.352480	262.403265	
10299	0.345827	0.025874	0.937941	-0.304218	0.948713	0.085996	-0.887612	-0.315079	0.335962	-279.003210	-339.639151	207.392537	2.927629	2.930530	4.680509	90.079509	89.912631	120.028611	217.896095	0.131350	0.135858	79.567094	1.000000	514.154400	476.616490	-706.517159	476.616490	1867.658107	-252.316710	-706.517159	-252.316710	226.088328	-375.198354	-39.292176	-183.431627	-39.292176	1402.653665	-364.061656	-183.431627	-364.061656	625.506724	797.328441	1.000000	0.000000	0.000000	0.000000	
10302	0.005791	-0.097901	-0.995179	0.339597	0.936243	-0.090126	0.940553	-0.337438	0.038669	416.500110	45.209637	-58.580562	2.927551	2.930027	4.677120	89.947790	90.000604	120.096884	154.665592	0.116280	0.120482	42.371076	0.840426	-506.333798	-704.501511	47.086136	-704.501511	1013.486564	-1023.637896	47.086136	-1023.637896	489.114344	-343.832520	-444.103666	105.549079	-444.103666	1353.567589	-571.190845	105.549079	-571.190845	421.316484	930.203620	1.000000	0.000000	0.000000	0.000000	
10303	0.208472	-0.115517	0.971189	0.147980	0.985294	0.085430	-0.966775	0.125905	0.222500	0.601347	84.704409	-156.321339	2.926080	2.930759	4.676830	90.003987	89.920481	120.049683	203.101025	0.139450	0.136097	36.906757	0.824468	-297.873357	-442.184145	-750.286785	-442.184145	599.992588	-1200.090566	-750.286785	-1200.090566	856.189779	-732.025971	-567.955624	90.259377	-567.955624	783.916813	-1024.575156	90.259377	-1024.575156	1109.004330	1041.292916	1.000000	280.705946	86.865192	67.133888	
10304	0.191657	-0.012308	0.981385	-0.394018	0.914840	0.088422	-0.898898	-0.403630	0.170485	-29.301704	-340.519587	17.189386	2.927350	2.927892	4.675055	89.998865	90.035510	119.958308	167.652277	0.124666	0.121882	73.787261	0.994681	-1102.958467	-149.070289	-51.634240	-149.070289	1333.120399	379.823623	-51.634240	379.823623	924.989175	-931.681056	-153.060126	-173.622830	-153.060126	1322.679985	169.644007	-173.622830	169.644007	854.275528	884.397909	1.000000	280.571490	82.044275	64.155698	
10307	0.206996	-0.134553	-0.969045	-0.117084	0.979972	-0.161080	0.971311	0.146802	0.187096	-391.309652	-29.909451	-129.443623	2.926188	2.926278	4.674136	89.945400	90.021282	119.915647	171.998550	0.112493	0.106160	53.879864	0.909574	-1222.056987	0.684285	570.788134	0.684285	727.594156	-826.005068	570.788134	-826.005068	933.188720	-370.818151	-354.140913	737.878120	-354.140913	807.452890	-1184.066392	737.878120	-1184.066392	872.075657	737.196421	1.000000	280.644559	75.560746	57.289082	
10310	0.192551	-0.063218	0.979249	-0.103786	0.991013	0.084385	-0.975783	-0.117881	0.184259	-353.273048	-321.003074	51.439530	2.927642	2.929010	4.676677	89.980775	89.994786	120.005584	142.119788	0.119610	0.110038	117.012727	1.000000	-564.587374	-353.391596	-396.661336	-353.391596	1337.425341	-47.339520	-396.661336	-47.339520	735.119558	-807.678975	-526.231617	-154.238123	-526.231617	1306.795375	-241.810872	-154.238123	-241.810872	765.522803	948.583737	1.000000	0.000000	0.000000	0.000000	
10311	0.099872	-0.054020	-0.993540	-0.337242	0.937584	-0.084881	0.936113	0.343538	0.075421	-322.954035	280.187116	148.617077	2.925678	2.928539	4.679453	89.937539	89.928085	119.857907	207.796121	0.127998	0.122101	48.720171	0.898936	15.715451	-1290.684290	-483.865777	-1290.684290	2692.047075	534.751647	-483.865777	534.751647	43.473818	-573.370913	-343.102624	-233.995679	-343.102624	1503.097080	262.763453	-233.995679	262.763453	380.802194	878.132399	1.000000	0.000000	0.000000	0.000000	
10312	0.122683	-0.048713	-0.991257	-0.375652	0.922202	-0.091815	0.918612	0.383629	0.094840	-109.385052	-259.723613	-106.558610	2.927707	2.926986	4.675906	89.965394	89.978267	119.946258	193.536778	0.144044	0.142780	83.695912	0.994681	-786.038137	-628.917283	-18.827840	-628.917283	1254.309646	529.092467	-18.827840	529.092467	802.522490	-360.077278	-579.795437	263.880419	-579.795437	1306.179373	561.086407	263.880419	561.086407	695.757749	1058.056764	1.000000	0.000000	0.000000	0.000000	
10448	0.122983	-0.048997	-0.991199	-0.374962	0.922452	-0.092122	0.918846	0.382991	0.095074	-110.249068	-263.997618	-112.003631	2.927144	2.928815	4.676734	90.041822	89.971773	120.014376	255.520246	0.156144	0.166554	82.066608	0.973404	-655.680049	-460.941418	-98.985296	-460.941418	1156.766719	246.779444	-98.985296	246.779444	693.168452	-472.869276	-565.860591	243.832178	-565.860591	1411.184920	430.863279	243.832178	430.863279	762.537253	1090.962089	1.000000	0.000000	0.000000	0.000000	
10315	0.077340	-0.062204	0.995062	-0.298129	0.950944	0.082617	-0.951387	-0.303046	0.055001	-147.267276	474.110834	-27.419461	2.927135	2.933133	4.676362	89.980092	89.957450	119.988855	172.119995	0.114236	0.106959	46.104963	0.867021	-644.127404	-628.940612	-522.722559	-628.940612	2921.144000	-59.949043	-522.722559	-59.949043	567.749539	-995.528225	36.514565	-190.744852	36.514565	1715.999864	-372.362122	-190.744852	-372.362122	579.504670	702.418241	1.000000	0.000000	0.000000	0.000000	
10319	0.043296	-0.152545	-0.987348	-0.026533	0.987750	-0.153771	0.998710	0.032855	0.038718	159.208945	-399.989970	43.745546	2.927789	2.928599	4.676907	90.032966	90.086377	120.000278	176.907777	0.121802	0.136136	38.581739	0.816667	-437.471534	-584.834234	1082.009507	-584.834234	1093.388520	112.865900	1082.009507	112.865900	861.803219	-886.154800	-321.034896	825.594909	-321.034896	1394.879256	29.458164	825.594909	29.458164	1041.258068	834.385413	1.000000	100.488845	80.988912	273.205883	
10320	0.224028	-0.134420	-0.965268	0.258323	0.963207	-0.074179	0.939724	-0.232733	0.250509	-433.717991	-47.066809	2.866155	2.927956	2.927789	4.681889	89.942265	90.018380	119.988027	191.661080	0.111434	0.127410	43.490797	0.898936	529.893049	-505.081227	160.950807	-505.081227	929.691509	257.730878	160.950807	257.730878	1028.352650	-637.765096	-156.295005	497.609107	-156.295005	1254.401960	-47.635999	497.609107	-47.635999	1078.977490	906.680431	1.000000	280.504112	89.304080	65.104553	
10484	0.504441	-0.178224	-0.844857	0.240189	0.968810	-0.060962	0.829371	-0.172172	0.531515	-350.507058	369.008050	-35.910962	2.926364	2.929375	4.677102	90.006487	89.962589	120.095514	165.874956	0.133272	0.118923	41.954758	0.835106	-461.643648	657.030761	626.255890	657.030761	-51.193305	717.483671	626.255890	717.483671	891.346611	28.091893	-3.665420	787.534859	-3.665420	897.497732	450.836366	787.534859	450.836366	745.919391	708.429646	1.000000	280.185191	88.359430	99.350797	
10327	0.018515	-0.143324	-0.989503	-0.150376	0.978016	-0.144474	0.988456	0.151472	-0.003444	199.055180	-324.082227	-43.949151	2.929312	2.927296	4.677378	89.945942	90.062839	120.051857	240.577480	0.192483	0.194025	53.985537	0.941489	-656.176745	227.425084	332.135414	227.425084	686.232857	653.255633	332.135414	653.255633	1144.614904	-1132.970509	-129.320115	485.203029	-129.320115	1143.873208	90.821206	485.203029	90.821206	1243.667942	1136.821229	1.000000	280.508040	87.632023	53.991689	
10328	0.018469	-0.143361	-0.989498	-0.150189	0.978040	-0.144504	0.988485	0.151281	-0.003468	190.360453	-325.083603	-45.571716	2.929279	2.928150	4.676737	89.957941	90.058050	120.050160	204.914047	0.184413	0.178715	53.829732	0.941489	-753.625576	61.893716	335.720855	61.893716	963.183969	598.139111	335.720855	598.139111	1126.093739	-1079.152932	-196.324528	564.633351	-196.324528	1184.228128	158.870908	564.633351	158.870908	1084.415093	1043.335289	1.000000	280.287465	70.674470	82.255259	
10333	0.413649	-0.124903	-0.901828	0.169757	0.983755	-0.058386	0.894470	-0.128941	0.428132	-289.537821	-121.779253	-65.151718	2.929021	2.927199	4.676240	89.948387	89.983747	120.015010	201.938470	0.117090	0.131944	52.174119	0.904255	-615.331677	-640.663273	587.367795	-640.663273	595.587026	45.228776	587.367795	45.228776	1190.507235	-268.056746	-93.149071	695.553535	-93.149071	713.529814	-113.444156	695.553535	-113.444156	1325.708575	675.991055	1.000000	0.000000	0.000000	0.000000	
10483	0.247206	0.084003	0.965321	-0.532058	0.844379	0.062778	-0.809825	-0.529122	0.253429	260.194830	58.228486	38.625177	2.928210	2.929809	4.675612	90.049567	90.095025	120.082418	117.431490	0.113603	0.098566	46.827749	0.840426	-1091.223410	-1257.508137	253.923988	-1257.508137	753.410127	642.547935	253.923988	642.547935	1305.925052	-1045.532870	-704.468477	171.073665	-704.468477	967.706708	368.671846	171.073665	368.671846	1239.598052	353.862476	1.000000	280.341703	88.297089	99.260698	
10339	0.020304	-0.073015	0.997132	0.281027	0.957538	0.064391	-0.959493	0.278911	0.039961	-223.150329	276.533248	-95.373546	2.927317	2.928088	4.677245	89.948268	89.978922	119.841011	192.913253	0.132668	0.128957	85.452217	1.000000	-481.709660	-917.614000	-109.063387	-917.614000	3055.741312	696.762714	-109.063387	696.762714	283.578892	-750.764342	-278.652852	-313.141981	-278.652852	2123.984456	446.642725	-313.141981	446.642725	515.160746	950.971165	1.000000	0.000000	0.000000	0.000000	
10480	0.044069	-0.055913	-0.997463	-0.184020	0.980894	-0.063115	0.981934	0.186334	0.032937	-369.039117	66.505176	64.637948	2.925216	2.928902	4.682700	90.122162	89.999611	119.915384	291.212511	0.135902	0.157183	52.850590	0.872340	758.395748	-1254.532608	457.146250	-1254.532608	1566.292473	-884.250447	457.146250	-884.250447	508.866407	-748.783800	-394.695094	82.525807	-394.695094	1534.553967	-836.719067	82.525807	-836.719067	846.889870	1656.975577	1.000000	280.282008	72.665870	66.994349	
10342	0.124598	-0.078747	0.989084	0.124765	0.990177	0.063116	-0.984339	0.115537	0.133199	450.349149	155.636370	94.071087	2.928062	2.927670	4.668991	89.984921	90.002404	119.987852	216.296243	0.124668	0.127797	35.865418	0.813830	-2282.635204	-351.539311	-367.409653	-351.539311	1111.569260	63.469671	-367.409653	63.469671	901.227337	-1088.408127	-175.978763	62.542221	-175.978763	1188.580120	253.406057	62.542221	253.406057	908.855088	962.257897	1.000000	0.000000	0.000000	0.000000	
10353	0.068964	-0.042839	0.996699	-0.229819	0.971524	0.057659	-0.970787	-0.233037	0.057155	-382.693199	-432.980054	90.694480	2.926788	2.927490	4.678639	90.011317	89.938084	120.002035	206.415315	0.138876	0.131749	34.238884	0.813830	-214.706501	-97.676256	-618.685463	-97.676256	852.874869	-51.131032	-618.685463	-51.131032	512.387489	-700.917757	-498.693891	-18.883432	-498.693891	1338.288416	-113.229870	-18.883432	-113.229870	558.924467	676.287508	1.000000	284.606637	74.931112	91.981299	
10354	0.355372	-0.000329	0.934725	-0.132255	0.989922	0.050630	-0.925321	-0.141614	0.351747	48.608777	-132.436923	-5.598060	2.928224	2.928457	4.677056	89.946754	90.035828	119.944983	111.346964	0.107508	0.103222	49.727732	0.851064	-401.689175	-705.963187	-595.982853	-705.963187	1271.846234	328.078023	-595.982853	328.078023	1338.986239	-446.245416	-711.415730	-389.362202	-711.415730	1263.389770	347.115416	-389.362202	347.115416	1372.734100	455.321567	1.000000	0.000000	0.000000	0.000000	
10355	0.225321	0.026809	0.973916	-0.347983	0.935901	0.054746	-0.910021	-0.351242	0.220207	466.180879	-42.842272	-22.041183	2.928217	2.928972	4.675555	90.057804	90.002610	120.085695	156.450219	0.118615	0.121252	38.885298	0.813830	-993.114016	665.917885	-238.069741	665.917885	839.354533	-740.734586	-238.069741	-740.734586	795.521200	-386.217662	-161.640599	-170.642969	-161.640599	1200.274093	-307.778411	-170.642969	-307.778411	608.205328	740.607879	1.000000	280.539684	86.840495	67.191467	
10359	0.225321	0.026809	0.973916	-0.347983	0.935901	0.054746	-0.910021	-0.351242	0.220207	454.974557	-43.111301	-19.610366	2.928208	2.929061	4.674040	90.059554	90.007299	120.086746	167.057213	0.119310	0.122090	38.735830	0.813830	-1324.670092	682.728671	-263.078601	682.728671	867.322992	-748.723020	-263.078601	-748.723020	791.978799	-577.085441	-190.999212	-264.915793	-190.999212	1256.130486	-306.755116	-264.915793	-306.755116	656.534347	850.748851	1.000000	0.000000	0.000000	0.000000	
10361	0.068094	-0.034330	-0.997095	-0.318114	0.946496	-0.054316	0.945612	0.320886	0.053530	-154.475621	387.574739	-99.697494	2.926042	2.928410	4.674411	89.987951	89.921842	119.798036	358.208969	0.175360	0.191376	44.851596	0.803191	-1173.035761	-855.746458	-556.311449	-855.746458	3598.278224	868.515507	-556.311449	868.515507	-69.123694	-1325.703550	-534.729708	-142.149003	-534.729708	1561.525664	91.478953	-142.149003	91.478953	997.551522	1316.816998	1.000000	0.000000	0.000000	0.000000	
10365	0.047413	-0.055174	-0.997350	0.026050	0.998202	-0.053982	0.998536	-0.023422	0.048765	466.371671	456.616854	-50.603161	2.926418	2.926917	4.678452	90.028397	90.030555	119.863464	245.146119	0.149546	0.148585	39.061697	0.827778	-313.982977	264.400069	478.276974	264.400069	745.773641	1282.394072	478.276974	1282.394072	1750.558298	-699.567856	-266.822604	250.363040	-266.822604	619.951859	323.508728	250.363040	323.508728	2040.605484	1279.291599	1.000000	99.783757	65.589543	252.119194	
10505	0.208324	0.040532	0.977226	-0.423251	0.904478	0.052716	-0.881744	-0.424591	0.205579	-67.854964	-379.896552	105.636285	2.926568	2.930314	4.676392	89.943629	90.018331	119.949479	143.628304	0.128607	0.113147	57.482024	0.973404	-832.675562	270.122435	-92.301452	270.122435	2364.680427	152.031554	-92.301452	152.031554	558.199948	-797.273787	106.866031	61.656407	106.866031	1488.697311	97.451828	61.656407	97.451828	718.009109	950.905674	1.000000	0.000000	0.000000	0.000000	
10369	0.244167	0.046121	-0.968642	-0.368038	0.928542	-0.048563	0.897186	0.368352	0.243693	-210.854403	-269.870254	145.540242	2.926692	2.926185	4.674993	89.952985	90.027443	119.985457	136.418544	0.125574	0.110954	44.657057	0.882979	-812.803064	-319.758938	614.222497	-319.758938	570.350103	273.567786	614.222497	273.567786	302.488565	-823.324321	-34.967261	46.251577	-34.967261	1574.783902	-90.808378	46.251577	-90.808378	516.115135	504.401727	1.000000	279.840045	87.909963	89.398110	
10376	0.411254	-0.115144	-0.904219	0.183008	0.982221	-0.041842	0.892960	-0.148272	0.425014	-407.900898	-232.613624	-63.360211	2.930522	2.927547	4.679028	90.020605	90.049961	120.018693	153.387166	0.113612	0.104299	54.071924	0.925532	587.169223	116.515906	1162.790173	116.515906	756.260956	-335.038952	1162.790173	-335.038952	1017.877149	-298.631696	-17.944756	930.414148	-17.944756	968.194100	-404.357382	930.414148	-404.357382	975.534510	357.655426	1.000000	0.000000	0.000000	0.000000	
10379	0.103125	-0.055564	-0.993115	0.098125	0.994137	-0.045431	0.989816	-0.092764	0.107973	-340.557847	121.355720	31.017114	2.927236	2.926579	4.675742	89.929657	89.978272	119.977108	186.532955	0.120182	0.118019	35.954375	0.803191	-936.277190	-711.145155	-311.500139	-711.145155	506.089546	231.156140	-311.500139	231.156140	1054.166655	-1668.235734	-454.112744	167.130358	-454.112744	700.764489	627.128980	167.130358	627.128980	978.378805	662.086448	1.000000	99.852376	74.915436	232.799603	
10518	0.160928	-0.075638	-0.984070	0.193445	0.980138	-0.043700	0.967830	-0.183329	0.172363	364.985395	-217.174873	190.708766	2.926275	2.929065	4.683658	90.006671	90.054884	119.937591	192.324987	0.124357	0.128379	55.674903	0.946809	926.623429	-475.084460	244.262801	-475.084460	1973.712331	373.324049	244.262801	373.324049	334.890816	-456.110902	234.618195	206.099165	234.618195	1615.454151	325.460223	206.099165	325.460223	1021.441216	773.699174	1.000000	0.000000	0.000000	0.000000	
10384	0.307150	-0.016426	0.951519	-0.065851	0.997088	0.038469	-0.949380	-0.074475	0.305174	-377.532449	-397.630406	147.570864	2.930141	2.930143	4.676015	90.002752	89.957549	120.037595	174.035484	0.119072	0.119568	69.126847	1.000000	-402.214343	14.825523	-986.756272	14.825523	1709.399009	-379.925377	-986.756272	-379.925377	977.280638	-842.181618	-220.294915	-109.673012	-220.294915	1506.824177	-214.801786	-109.673012	-214.801786	817.853449	929.720244	1.000000	283.912763	86.904859	99.054228	
10385	0.019085	-0.111173	-0.993618	-0.097429	0.988862	-0.112512	0.995059	0.098955	0.008041	-107.204485	367.136162	-237.544077	2.926214	2.927929	4.675363	90.074988	89.936440	119.916025	274.936450	0.168593	0.184465	39.903683	0.861111	-826.802155	-860.486947	-205.497640	-860.486947	1011.672000	-934.945655	-205.497640	-934.945655	1084.923580	-629.410357	-286.683657	-13.983205	-286.683657	354.806634	-697.818860	-13.983205	-697.818860	840.704756	1113.517460	1.000000	103.870610	70.765037	257.583235	
10386	0.140367	-0.007263	-0.990080	-0.212608	0.976425	-0.037307	0.967010	0.215734	0.135513	-306.396360	469.816920	-124.570873	2.928102	2.930238	4.677020	89.873610	89.957218	119.837087	228.699452	0.134472	0.121318	47.921084	0.851064	-472.669070	-1643.324236	230.038030	-1643.324236	3790.660298	529.335089	230.038030	529.335089	531.157835	-1101.423224	-597.100202	315.326538	-597.100202	1851.883953	154.371563	315.326538	154.371563	802.291606	806.796165	1.000000	279.695972	83.697792	61.177153	
10387	0.302761	-0.119607	-0.945531	0.281801	0.958970	-0.031073	0.910453	-0.257044	0.324044	343.317849	-408.881264	-44.633775	2.930333	2.930697	4.678882	89.958037	90.031406	120.091865	208.719944	0.153957	0.151760	46.894301	0.867021	95.066040	-653.149595	677.957511	-653.149595	1427.417122	-751.722141	677.957511	-751.722141	1080.636720	-408.330298	151.984199	700.878547	151.984199	1371.966465	-3.492460	700.878547	-3.492460	853.416874	907.176689	1.000000	0.000000	0.000000	0.000000	
10389	0.201302	-0.101205	-0.974287	-0.026002	0.993746	-0.108599	0.979184	0.047195	0.197411	142.090636	261.966316	130.003220	2.931946	2.928549	4.674907	90.044581	90.052310	120.060026	336.647736	0.136073	0.175984	53.119953	0.836957	-611.832490	-447.417940	1137.647576	-447.417940	1053.567840	1030.136530	1137.647576	1030.136530	1449.947682	-685.356854	-675.257391	423.745434	-675.257391	853.883523	7.264072	423.745434	7.264072	1013.104161	742.090269	1.000000	279.676919	83.700965	61.204243	
10535	0.136424	-0.104456	0.985128	0.421466	0.906060	0.037706	-0.896524	0.410054	0.167633	370.124541	58.249532	205.690874	2.927934	2.931353	4.673514	89.911590	90.057875	120.077331	174.325602	0.128621	0.122372	68.728245	0.984043	-1503.578070	358.322165	17.491446	358.322165	1610.252929	1054.097395	17.491446	1054.097395	900.239305	-754.705285	-268.614380	97.196400	-268.614380	1075.254582	930.447160	97.196400	930.447160	1076.154478	693.065545	1.000000	279.368682	79.189733	81.498758	
10391	0.102643	-0.022468	-0.994472	-0.133874	0.990337	-0.036194	0.985676	0.136848	0.098643	388.163306	244.119223	251.309461	2.927288	2.930729	4.675520	90.002367	89.915208	120.046796	201.609159	0.125605	0.125381	53.197922	0.909574	-983.812414	-793.866442	-266.051556	-793.866442	809.089960	-724.790901	-266.051556	-724.790901	1484.678677	-865.217438	-444.829517	-389.631797	-444.829517	1312.693264	-491.949508	-389.631797	-491.949508	1046.465097	1368.564119	1.000000	0.000000	0.000000	0.000000	
10392	0.205349	-0.098710	-0.973698	-0.024808	0.994056	-0.106005	0.978374	0.045924	0.201680	135.839418	260.840244	111.357396	2.929956	2.928131	4.675068	90.091073	89.904609	120.036277	278.205897	0.173187	0.174068	55.916109	0.923913	-1001.271697	-878.467031	-84.654695	-878.467031	856.002348	622.202777	-84.654695	622.202777	1488.201785	-806.068273	-721.588843	449.287345	-721.588843	756.526281	47.489395	449.287345	47.489395	1056.999246	647.034863	1.000000	0.000000	0.000000	0.000000	
8881	0.083131	-0.058771	0.994811	0.383777	0.923153	0.022464	-0.919684	0.379915	0.099297	-340.377982	-414.122555	-11.475686	2.927796	2.928255	4.676288	89.972144	90.055080	119.970466	177.954047	0.130671	0.130347	41.807497	0.861702	-871.663319	-7.355437	296.383838	-7.355437	1459.119632	157.922890	296.383838	157.922890	985.329411	-926.249925	-136.746988	270.603876	-136.746988	1393.253013	6.817992	270.603876	6.817992	968.788021	1618.781116	1.000000	0.000000	0.000000	0.000000	
10423	0.469304	0.257385	-0.844698	-0.495605	0.868483	-0.010722	0.730847	0.423665	0.535143	53.546481	-343.255774	-208.470436	2.932794	2.927900	4.675488	89.973817	90.033451	120.172186	145.484788	0.120314	0.116292	65.432323	0.956522	353.044150	-618.548646	1771.830525	-618.548646	-760.381474	-797.285712	1771.830525	-797.285712	1354.892522	30.961738	-333.520945	1696.117711	-333.520945	517.833164	-243.233539	1696.117711	-243.233539	1245.667313	568.440923	1.000000	0.000000	0.000000	0.000000	
10425	0.160210	0.071104	-0.984525	-0.488493	0.872413	-0.016487	0.857742	0.483572	0.174502	-290.408871	-69.024119	90.451994	2.928707	2.929730	4.678538	90.041105	89.947189	120.018594	318.203003	0.182792	0.213746	45.707105	0.840426	-425.983564	64.306242	-157.607040	64.306242	1426.789482	-288.599684	-157.607040	-288.599684	1383.229970	-746.464927	180.632830	63.342051	180.632830	1231.034886	19.244610	63.342051	19.244610	1349.369848	1332.578310	1.000000	0.000000	0.000000	0.000000	
8898	0.163742	0.038906	-0.985742	-0.328102	0.944486	-0.017225	0.930350	0.326242	0.167417	-55.832594	397.030971	135.355465	2.927137	2.925710	4.677491	89.948973	89.981710	119.984540	280.996566	0.155441	0.159114	45.449163	0.845745	-498.493066	-581.259517	141.218803	-581.259517	489.547134	420.218031	141.218803	420.218031	601.204989	-1030.050605	-413.016642	-1131.812353	-413.016642	1490.714171	886.392175	-1131.812353	886.392175	960.603204	891.675706	1.000000	0.000000	0.000000	0.000000	
8897	0.079739	-0.044491	0.995830	0.291861	0.956265	0.019351	-0.953139	0.289099	0.089237	412.823891	-325.657400	-146.836054	2.927507	2.925035	4.677233	90.079136	90.035404	119.987772	177.627605	0.125524	0.112147	59.689948	0.984043	-632.787793	955.689939	-44.328362	955.689939	363.157650	562.461160	-44.328362	562.461160	668.816750	-689.372427	154.577358	236.953173	154.577358	1586.067276	620.637936	236.953173	620.637936	706.761560	1097.550331	1.000000	0.000000	0.000000	0.000000	
10429	0.346423	-0.123330	0.929936	0.113806	0.989523	0.088837	-0.931149	0.075057	0.356829	-115.880179	203.813496	234.761981	2.929118	2.927614	4.676716	89.950715	90.138544	120.021961	189.365955	0.115960	0.122556	72.235804	0.994565	-1261.644735	2.494406	193.691051	2.494406	860.545872	431.691862	193.691051	431.691862	1776.100633	-762.310012	-307.442887	-397.200848	-307.442887	757.946160	46.893393	-397.200848	46.893393	1245.208928	461.519831	1.000000	98.935806	81.598017	262.587404	
10430	0.155468	-0.079506	0.984643	0.371221	0.928401	0.016349	-0.915444	0.362976	0.173850	288.640088	-116.802723	131.313436	2.928081	2.927282	4.675621	90.042434	90.044568	119.984275	131.607431	0.117344	0.107502	63.981091	0.973404	-998.087259	619.731673	-62.476909	619.731673	1023.667596	340.838355	-62.476909	340.838355	1029.571848	-662.447199	34.283964	75.992262	34.283964	1728.556080	339.810990	75.992262	339.810990	824.723806	426.551720	1.000000	278.943719	87.689556	88.139212	
10431	0.283110	-0.144640	-0.948118	0.416525	0.909012	-0.014299	0.863919	-0.390866	0.317596	449.587841	363.107109	35.056753	2.928472	2.927526	4.669888	89.944517	89.990052	120.019441	245.653917	0.136211	0.131875	52.243293	0.914894	-1894.520123	-646.242467	883.892570	-646.242467	667.879620	83.677823	883.892570	83.677823	919.347139	-491.376033	158.889415	517.685637	158.889415	1131.003656	-166.238427	517.685637	-166.238427	861.515803	1369.183539	1.000000	278.926182	86.159758	80.103670	
8909	0.104936	0.031976	-0.993972	-0.393133	0.919405	-0.011929	0.913482	0.392012	0.109049	458.010729	-141.785507	94.985793	2.927810	2.927565	4.672677	89.961038	89.959489	119.903558	149.311269	0.109976	0.110092	62.315679	0.978723	-1584.121226	-594.115822	-30.955588	-594.115822	2025.785909	801.888136	-30.955588	801.888136	801.726169	-813.573755	-152.796343	-52.702194	-152.796343	1332.938408	903.317090	-52.702194	903.317090	897.863530	968.671675	1.000000	278.741166	64.654786	76.130774	
8910	0.029694	-0.024241	-0.999265	0.347447	0.937618	-0.012421	0.937230	-0.346822	0.036264	425.087560	285.803866	-103.009861	2.928134	2.929938	4.669072	89.936742	90.017387	120.055743	184.425453	0.117646	0.107147	77.649573	1.000000	-2311.414535	-636.008851	179.733824	-636.008851	1329.206556	-595.036676	179.733824	-595.036676	843.549680	-1048.452866	-158.228018	-250.671831	-158.228018	1752.151594	-411.752460	-250.671831	-411.752460	939.687573	1036.141662	1.000000	103.301206	69.335086	260.113887	
8938	0.464392	0.091934	0.880845	-0.206239	0.978479	0.006608	-0.861281	-0.184733	0.473359	75.380200	-220.005452	-121.014449	2.926856	2.926334	4.679260	89.995379	90.006074	119.876104	142.837293	0.115313	0.103000	54.947971	0.904255	161.354399	-617.064874	-630.892518	-617.064874	932.391544	1066.174740	-630.892518	1066.174740	1085.814025	70.522000	-239.388969	-512.451490	-239.388969	636.166706	660.010594	-512.451490	660.010594	895.072739	328.534734	1.000000	0.000000	0.000000	0.000000	
8919	0.231843	-0.085052	0.969034	0.306586	0.951789	0.010185	-0.923183	0.294728	0.246740	355.043729	18.435654	-31.689223	2.930309	2.929125	4.675067	89.999954	90.029566	119.990178	147.546948	0.118984	0.120206	40.758296	0.829787	-993.494729	105.717563	-471.596155	105.717563	1610.139803	284.655020	-471.596155	284.655020	1653.737114	-688.521394	7.722562	-82.794369	7.722562	1672.415886	334.465091	-82.794369	334.465091	1341.089292	728.833661	1.000000	0.000000	0.000000	0.000000	
10443	0.099190	-0.053801	-0.993613	-0.335632	0.938213	-0.084307	0.936756	0.341851	0.075004	-326.568393	290.909370	148.547893	2.925958	2.931509	4.679859	90.094081	89.957973	120.025199	183.853445	0.122012	0.115635	48.746086	0.898936	79.113131	-933.707985	-261.766378	-933.707985	2039.140741	479.464760	-261.766378	479.464760	149.026707	-661.594946	-357.088467	-229.908900	-357.088467	1528.681131	278.680673	-229.908900	278.680673	420.704423	857.442285	1.000000	0.000000	0.000000	0.000000	
10447	0.092188	-0.042036	-0.994854	0.301335	0.953438	-0.012363	0.949051	-0.298645	0.100562	-114.518707	153.771393	-156.733180	2.926789	2.929757	4.677912	89.999330	89.961913	120.055793	206.395203	0.148833	0.145999	50.015578	0.893617	-507.429480	-206.060400	-278.081656	-206.060400	1368.039574	-599.114882	-278.081656	-599.114882	367.786011	-681.725535	-343.328135	-68.992652	-343.328135	1745.925215	-754.823267	-68.992652	-754.823267	691.300217	961.239947	1.000000	98.750543	90.402237	259.886746	
10450	0.092351	-0.042761	-0.994808	0.301249	0.953456	-0.013018	0.949063	-0.298483	0.100935	-121.543493	152.776509	-155.279981	2.926281	2.929852	4.677390	90.019611	89.909619	120.057499	275.804294	0.118510	0.150938	48.061451	0.877660	-712.795468	-171.922529	-734.637374	-171.922529	1406.961612	-636.415644	-734.637374	-636.415644	263.127047	-796.926734	-295.530181	-140.087059	-295.530181	1768.160972	-770.088903	-140.087059	-770.088903	682.918183	1199.899785	1.000000	103.274292	69.452262	260.160382	
10451	0.267032	-0.152052	-0.951617	0.478833	0.877886	-0.005907	0.836309	-0.454088	0.307231	-302.517974	259.897320	247.440209	2.927858	2.926737	4.681875	90.040983	89.951131	120.056852	196.477906	0.130137	0.142224	46.118106	0.861702	205.417289	44.183622	-177.668525	44.183622	41.701600	-446.369171	-177.668525	-446.369171	1149.944244	-351.724778	-60.676388	191.600098	-60.676388	689.964501	-370.889930	191.600098	-370.889930	859.353970	1136.499526	1.000000	278.334692	60.982645	110.634738	
10453	0.148176	0.055975	-0.987383	-0.403188	0.915077	-0.008633	0.903048	0.399377	0.158160	-97.017343	-385.487608	-207.256211	2.929303	2.926755	4.673895	89.978696	90.042408	119.947029	355.890351	0.128485	0.185886	37.704750	0.803191	-1126.364091	133.263219	752.878588	133.263219	1292.895144	724.904663	752.878588	724.904663	1133.987807	-1387.013453	-185.575508	371.771195	-185.575508	1179.580038	366.156754	371.771195	366.156754	1123.974467	1156.502610	1.000000	0.000000	0.000000	0.000000	
8929	0.180106	0.043786	-0.982679	-0.266024	0.963949	-0.005807	0.946998	0.262460	0.185261	163.806290	-254.497920	141.225018	2.928905	2.928231	4.675169	90.073599	89.940847	120.036206	159.546165	0.110492	0.109161	67.815295	0.994681	-1174.096317	270.704996	-122.819267	270.704996	658.445461	-128.728899	-122.819267	-128.728899	1556.612268	-1142.301680	-186.416613	23.647389	-186.416613	1877.565689	-18.164368	23.647389	-18.164368	987.621947	899.340198	1.000000	278.702733	87.557391	58.441839	
10457	0.140230	-0.047733	-0.988968	0.296166	0.955128	-0.004105	0.944786	-0.292323	0.148074	370.363625	-81.188247	42.686765	2.928655	2.931668	4.672802	90.003613	89.953946	120.097227	225.702451	0.135869	0.139955	96.301571	1.000000	-1613.339175	-266.354049	-76.868456	-266.354049	1789.900426	-997.669345	-76.868456	-997.669345	831.505172	-1059.033012	-119.307053	-69.822841	-119.307053	1859.279872	-80.769247	-69.822841	-80.769247	778.591710	731.019923	1.000000	0.000000	0.000000	0.000000	
10458	0.127955	-0.018673	-0.991604	0.135477	0.990780	-0.001176	0.982483	-0.134189	0.129305	-312.246733	312.026533	-85.215061	2.928637	2.926058	4.676840	90.036119	89.965017	119.966379	207.514195	0.139174	0.148695	39.568921	0.835106	-693.039226	311.638777	80.129184	311.638777	395.105970	162.639347	80.129184	162.639347	1566.645750	-1407.512728	150.537108	-254.340910	150.537108	1169.675687	295.187702	-254.340910	295.187702	1329.738577	1169.094641	1.000000	278.563788	84.164637	105.858063	
8933	0.140451	0.026273	-0.989746	-0.203960	0.978975	-0.002957	0.968859	0.202282	0.142857	-97.048667	-162.236708	-223.885318	2.925059	2.928179	4.675670	90.000662	89.911148	119.912515	278.060639	0.127831	0.151719	47.161313	0.851064	-1072.828629	-694.163978	-451.894387	-694.163978	2043.246537	-117.773481	-451.894387	-117.773481	89.986068	-916.980743	-576.008042	-133.108396	-576.008042	1764.710985	-141.481259	-133.108396	-141.481259	477.636754	1293.617649	1.000000	278.540210	90.179120	81.398348	
8950	0.348946	-0.153046	-0.924561	0.402467	0.915434	0.000363	0.846319	-0.372232	0.381033	174.906676	-199.258494	-142.972469	2.930818	2.929504	4.676120	90.012440	89.953332	120.101272	138.853305	0.112896	0.107470	46.387817	0.877660	-741.079873	-401.498366	631.598722	-401.498366	699.175406	-805.485048	631.598722	-805.485048	1717.606077	-450.473417	-88.492866	655.061740	-88.492866	974.891764	-377.951778	655.061740	-377.951778	1393.945483	787.042923	1.000000	98.396682	90.033485	253.722345	
10463	0.015661	-0.007080	-0.999852	0.371539	0.928417	-0.000755	0.928285	-0.371472	0.017171	-209.828734	-304.808770	-228.965066	2.927217	2.929594	4.672910	89.953450	89.972749	119.997882	211.767092	0.142595	0.150522	70.709147	1.000000	-1524.570455	-570.958598	-283.551511	-570.958598	1634.417823	-80.550299	-283.551511	-80.550299	724.067118	-948.308592	-183.589120	76.836514	-183.589120	1718.183900	-202.348260	76.836514	-202.348260	568.914932	1113.844235	1.000000	0.000000	0.000000	0.000000	
10465	0.099237	-0.052616	-0.993672	-0.335626	0.938314	-0.083203	0.936753	0.341759	0.075456	-309.665692	276.679422	131.303617	2.926433	2.929176	4.670357	89.887717	90.067029	120.029656	392.401966	0.177555	0.209604	49.348633	0.840426	-2109.566385	626.634837	584.747412	626.634837	1417.336613	370.685726	584.747412	370.685726	248.355535	-839.936066	-104.448195	-302.511176	-104.448195	1358.532255	181.325748	-302.511176	181.325748	250.146599	1548.341171	1.000000	0.000000	0.000000	0.000000	
10467	0.062152	-0.035381	-0.997439	0.490515	0.871433	-0.000347	0.869214	-0.489237	0.071517	200.847490	5.872666	166.285457	2.925683	2.928606	4.679247	90.058355	89.927960	119.993622	396.435641	0.159985	0.210446	49.515341	0.918478	-248.390883	215.646029	-592.084845	215.646029	1302.105867	-237.067124	-592.084845	-237.067124	315.223285	-1110.720185	237.724872	-225.132872	237.724872	1073.074181	28.418208	-225.132872	28.418208	1109.127761	907.797645	1.000000	278.234991	72.489692	101.506546	
8951	0.180147	-0.088231	-0.979675	0.448211	0.893926	0.001911	0.875588	-0.439445	0.200584	-201.878890	-159.829616	219.013199	2.926630	2.928312	4.672872	89.906326	90.059419	120.061456	148.930156	0.133730	0.116238	44.365272	0.867021	-1257.092013	-797.716081	832.970081	-797.716081	596.956376	-551.963311	832.970081	-551.963311	205.008804	-952.704768	-416.633149	328.935668	-416.633149	896.269987	-816.390648	328.935668	-816.390648	635.756303	654.911789	1.000000	0.000000	0.000000	0.000000	
8953	0.037845	0.011472	-0.999225	-0.199862	0.979817	0.003678	0.979101	0.199567	0.039374	429.200088	381.007195	102.935123	2.927901	2.926711	4.681992	89.939615	90.052633	120.049996	161.210315	0.114939	0.109812	50.398519	0.877660	468.335387	-180.870754	569.498460	-180.870754	-18.670247	23.892079	569.498460	23.892079	1047.512252	-580.209555	36.417464	411.978455	36.417464	1177.210190	181.512117	411.978455	181.512117	719.541357	597.373863	1.000000	0.000000	0.000000	0.000000	
10470	0.082515	-0.010198	-0.996538	0.135250	0.990811	0.001060	0.987370	-0.134869	0.083136	189.234340	422.614265	-204.634971	2.928266	2.929946	4.678683	89.992473	90.069527	120.062608	260.793742	0.175711	0.171385	46.136704	0.851064	-164.947839	-17.616542	730.086421	-17.616542	1566.856018	-529.812375	730.086421	-529.812375	491.138645	-341.764095	-77.688240	413.797004	-77.688240	1064.520167	46.550023	413.797004	46.550023	566.526199	1433.317742	1.000000	278.280887	89.141310	76.746482	
8956	0.151859	0.064026	-0.986333	-0.352482	0.935797	0.006474	0.923422	0.346678	0.164677	13.072006	351.954714	194.355359	2.924014	2.926397	4.673508	90.075610	89.958470	119.915661	231.904898	0.144437	0.148586	46.193046	0.861702	-1500.522238	532.738903	-271.529864	532.738903	1436.891841	123.750553	-271.529864	123.750553	-335.277827	-1576.095417	251.151150	-448.958255	251.151150	1761.218973	766.265850	-448.958255	766.265850	772.519755	837.576866	1.000000	0.000000	0.000000	0.000000	
10473	0.084048	-0.008539	-0.996425	0.133090	0.991100	0.002733	0.987534	-0.132844	0.084436	186.394767	414.510876	-197.240842	2.924013	2.926975	4.679721	90.038333	89.973424	119.924677	221.646528	0.124080	0.120742	47.445809	0.856383	-75.679838	397.914158	-94.710990	397.914158	919.156758	852.229446	-94.710990	852.229446	192.418265	-413.524049	121.569038	399.384182	121.569038	948.595912	408.011241	399.384182	408.011241	571.157236	1403.700895	1.000000	0.000000	0.000000	0.000000	
10478	0.361416	-0.172037	0.916402	0.445015	0.895494	-0.007398	-0.819360	0.410483	0.400203	257.014717	-191.202822	31.359416	2.928123	2.929004	4.675446	89.950903	90.021958	119.943352	164.770834	0.177775	0.143947	55.940824	0.925532	-818.255939	-460.344679	-584.614430	-460.344679	1992.765849	179.540134	-584.614430	179.540134	859.518500	-360.138201	185.802458	-636.854861	185.802458	1073.525791	38.236986	-636.854861	38.236986	983.414032	642.759339	1.000000	277.932789	72.949886	101.497933	
8977	0.036335	0.030317	0.998880	-0.365932	0.930522	-0.014931	-0.929932	-0.364980	0.044905	154.058697	-271.171538	-120.690827	2.928013	2.927909	4.677212	89.985127	90.026718	119.981450	160.976408	0.126039	0.121803	44.682333	0.888298	-614.098022	-32.191657	154.989846	-32.191657	1128.767217	182.281647	154.989846	182.281647	1101.155765	-955.871663	-302.134348	210.461793	-302.134348	1631.987725	441.292225	210.461793	441.292225	1026.679570	579.452535	1.000000	0.000000	0.000000	0.000000	
10491	0.101047	0.073802	-0.992148	-0.481764	0.876154	0.016104	0.870464	0.476350	0.124087	-165.013936	-49.982342	-186.043629	2.927379	2.929275	4.673599	90.024551	89.870373	120.005409	261.319302	0.147419	0.155079	86.818354	1.000000	-1624.542353	-410.178880	-821.416241	-410.178880	1409.706484	-179.911062	-821.416241	-179.911062	1064.425728	-1073.487866	-13.176383	128.804487	-13.176383	1580.474191	213.739303	128.804487	213.739303	1040.595299	955.738855	1.000000	0.000000	0.000000	0.000000	
10499	0.046259	-0.055717	-0.997374	0.028006	0.998123	-0.054459	0.998537	-0.025413	0.047732	461.037042	441.858181	-47.405673	2.929760	2.925400	4.675066	90.064908	90.058556	119.981022	215.858113	0.138966	0.137228	39.226694	0.827778	-898.042576	-584.914176	1044.400121	-584.914176	89.875729	390.986987	1044.400121	390.986987	1707.221358	-1339.890155	-258.467672	260.761566	-258.467672	773.423521	344.941341	260.761566	344.941341	2190.611886	1225.733877	1.000000	0.000000	0.000000	0.000000	
10500	0.067694	-0.034522	-0.997109	-0.314810	0.947607	-0.054181	0.946738	0.317567	0.053279	-154.662904	403.673647	-105.986510	2.926451	2.930318	4.672572	89.964057	89.932551	120.021054	236.136371	0.130245	0.134336	46.283558	0.867021	-1711.454457	397.531417	-625.314146	397.531417	1835.131949	241.154254	-625.314146	241.154254	389.423383	-865.624541	-402.642024	-263.222237	-402.642024	1494.809760	221.375006	-263.222237	221.375006	584.014501	1103.257494	1.000000	97.680790	81.206310	243.662906	
8998	0.040468	0.012611	-0.999101	0.338556	0.940598	0.025586	0.940076	-0.339287	0.033795	-341.012131	-327.963990	-234.641783	2.926670	2.929986	4.676179	89.999663	89.967329	119.971470	256.358006	0.132567	0.148399	46.513472	0.893617	-839.658306	-37.174486	-257.679094	-37.174486	1978.792188	183.764544	-257.679094	183.764544	607.197662	-789.059653	-443.234565	236.798532	-443.234565	1146.743102	41.380348	236.798532	41.380348	869.179750	1314.165982	1.000000	277.689818	79.355962	100.077142	
10504	0.224757	0.047773	0.973249	-0.418759	0.906596	0.052208	-0.879851	-0.419288	0.223769	7.254471	-359.497672	65.480916	2.928031	2.928651	4.676669	89.965522	90.094059	120.022436	270.321078	0.108978	0.144244	38.292570	0.835106	-943.598886	-345.968391	326.975101	-345.968391	949.852899	221.874910	326.975101	221.874910	1338.623235	-1003.903842	87.237490	-71.747534	87.237490	1276.162181	66.668030	-71.747534	66.668030	1278.300899	787.403034	1.000000	0.000000	0.000000	0.000000	
8999	0.031182	0.035203	0.998894	-0.279927	0.959693	-0.025083	-0.959515	-0.278835	0.039779	-402.454111	182.352420	234.384495	2.926037	2.930704	4.671609	89.994488	90.068320	120.068333	187.276942	0.119511	0.111356	53.911140	0.930851	-1831.103122	255.600385	559.840106	255.600385	1688.643141	-735.321434	559.840106	-735.321434	-36.449950	-597.068609	-175.230540	6.205097	-175.230540	1652.352349	-805.831897	6.205097	-805.831897	459.988776	515.376190	1.000000	277.700667	89.571435	62.834421	
8995	0.115461	0.090676	0.989165	-0.478939	0.877505	-0.024536	-0.870222	-0.470917	0.144747	412.298698	148.830723	17.340760	2.929286	2.929006	4.674582	89.970916	89.989219	120.054786	207.584615	0.113785	0.128338	65.142054	0.962766	-1085.874883	-225.882532	-483.991281	-225.882532	854.113100	-501.671083	-483.991281	-501.671083	1355.415838	-1003.436684	-17.443114	-119.712193	-17.443114	1217.659586	-198.695617	-119.712193	-198.695617	1124.528038	698.290422	1.000000	0.000000	0.000000	0.000000	
10512	0.023761	0.029356	-0.999294	-0.025285	0.999267	0.028754	0.999406	0.024583	0.024486	-162.826273	-182.664341	-4.896993	2.926869	2.928532	4.676725	89.974379	90.000168	120.023121	259.479127	0.151819	0.168087	39.515968	0.838889	-705.032736	-196.508587	156.958679	-196.508587	602.300839	-338.409892	156.958679	-338.409892	1016.249222	-1237.877455	-274.089939	445.856897	-274.089939	1314.882186	-63.197304	445.856897	-63.197304	926.789707	1093.482613	1.000000	0.000000	0.000000	0.000000	
8991	0.100190	0.072658	-0.992319	-0.482749	0.875625	0.015369	0.870017	0.477497	0.122804	-162.098105	-47.854312	-189.689412	2.926452	2.928423	4.673245	90.010842	89.966725	119.921348	156.727679	0.167161	0.143411	86.710683	0.994681	-1484.391935	46.021002	-39.514914	46.021002	1983.339291	464.689602	-39.514914	464.689602	516.101186	-1267.823694	15.325232	248.805822	15.325232	1421.053991	168.193451	248.805822	168.193451	1235.772475	601.013030	1.000000	0.000000	0.000000	0.000000	
9008	0.263345	0.138573	-0.954703	-0.385207	0.922417	0.027629	0.884464	0.360479	0.296293	-377.177185	431.676030	93.584186	2.928730	2.926377	4.672025	90.087795	90.014564	119.980884	263.151398	0.120527	0.153677	40.429429	0.824468	-1392.138116	1124.789523	810.033437	1124.789523	717.609692	136.075910	810.033437	136.075910	907.598975	-773.022695	362.541279	493.591188	362.541279	931.642414	146.104391	493.591188	146.104391	1210.575295	1563.542656	1.000000	0.000000	0.000000	0.000000	
10515	0.307287	0.136986	-0.941711	-0.337182	0.941057	0.026865	0.889884	0.309270	0.335363	387.953697	-156.854398	-72.556407	2.928480	2.925300	4.678254	90.043623	89.938854	119.951173	137.701819	0.115493	0.104942	45.827484	0.867021	-559.671318	335.651035	-4.218264	335.651035	871.419084	742.466701	-4.218264	742.466701	1098.869602	-477.234114	-213.294208	99.031631	-213.294208	839.074187	592.291974	99.031631	592.291974	1158.311727	709.345040	1.000000	0.000000	0.000000	0.000000	
10521	0.326535	0.043059	0.944204	-0.044111	0.998568	-0.030284	-0.944155	-0.031761	0.327966	-227.869944	-231.352021	-76.671490	2.930411	2.926001	4.676770	89.937196	89.970687	120.027845	188.120642	0.111146	0.118131	45.384923	0.875000	-95.303252	-315.704610	-1204.002349	-315.704610	317.872542	-749.674298	-1204.002349	-749.674298	996.797332	-208.795951	-171.389611	-431.331772	-171.389611	656.551068	-546.417134	-431.331772	-546.417134	1224.441773	801.385483	1.000000	277.319115	68.321022	68.535234	
10520	0.070494	0.065243	0.995376	-0.414824	0.909399	-0.030229	-0.907167	-0.410775	0.091171	124.247436	460.334000	207.598767	2.928575	2.930008	4.672378	89.958213	89.955589	120.121686	174.588732	0.144421	0.127058	71.842858	0.994681	-1552.844552	-418.472101	-717.976979	-418.472101	753.965322	-1283.125625	-717.976979	-1283.125625	873.623274	-1258.394308	82.871045	-565.762693	82.871045	1518.320521	-600.002596	-565.762693	-600.002596	1282.951102	528.100898	1.000000	97.505978	78.049679	264.197765	
9014	0.244659	0.083626	0.965996	-0.204994	0.978215	-0.032765	-0.947692	-0.190008	0.256472	314.225983	7.632682	-124.829141	2.927363	2.927261	4.681979	90.021289	90.025751	119.945107	152.846662	0.112777	0.113622	40.361293	0.840426	318.887112	128.121780	118.843550	128.121780	968.531592	589.651874	118.843550	589.651874	1269.182010	-524.413059	126.719193	325.926403	126.719193	922.167092	584.899007	325.926403	584.899007	1331.875892	590.813914	1.000000	277.402380	83.385391	111.546768	
10523	0.180039	-0.024274	-0.983360	0.297374	0.954261	0.030889	0.937632	-0.297987	0.179023	-198.331790	-343.387485	-113.691401	2.927991	2.928659	4.675412	89.955242	90.034262	120.041442	179.590280	0.144410	0.136505	59.814513	0.978723	-863.920672	-348.445594	525.751714	-348.445594	1044.357859	-377.765752	525.751714	-377.765752	694.348235	-1097.870665	-46.482963	407.553741	-46.482963	1542.344016	-122.637165	407.553741	-122.637165	810.860521	730.253231	1.000000	0.000000	0.000000	0.000000	
9018	0.332936	0.059167	0.941091	-0.079428	0.996242	-0.034535	-0.939598	-0.063251	0.336384	-254.486835	441.810214	97.431062	2.927881	2.928177	4.680729	89.857616	90.073449	119.932867	228.457152	0.125302	0.126030	75.449314	0.967391	148.931081	-1348.243270	-360.481159	-1348.243270	1268.522247	207.633146	-360.481159	207.633146	1482.897178	-892.358139	-267.657841	-298.755926	-267.657841	1128.911810	31.874088	-298.755926	31.874088	1535.457691	804.326128	1.000000	0.000000	0.000000	0.000000	
10532	0.421117	-0.155738	0.893541	0.409200	0.911815	-0.033931	-0.809460	0.379923	0.447708	205.285483	-139.219685	195.341131	2.928718	2.926379	4.678970	90.042608	89.995835	120.003650	195.253033	0.149610	0.143721	40.912404	0.804348	146.390249	254.295764	-607.211241	254.295764	455.086364	442.668230	-607.211241	442.668230	883.760830	-199.742123	-12.037663	-366.168983	-12.037663	964.643468	382.922447	-366.168983	382.922447	955.225791	717.442455	1.000000	0.000000	0.000000	0.000000	
10536	0.333172	0.059951	0.940958	-0.078997	0.996242	-0.035503	-0.939551	-0.062504	0.336656	-240.342875	446.051523	107.284740	2.927248	2.930811	4.677409	89.924167	90.081925	119.912295	255.700979	0.111442	0.134202	71.544588	0.972826	-697.202723	-854.304806	-245.671380	-854.304806	2201.081814	820.117982	-245.671380	820.117982	1579.896160	-703.828567	-222.717404	-228.390047	-222.717404	1156.214699	20.558804	-228.390047	20.558804	1473.124512	1423.986363	1.000000	97.251686	77.057832	288.764544	
9045	0.408934	-0.107481	-0.906212	0.333859	0.941818	0.038952	0.849300	-0.318476	0.421025	-362.696973	52.150961	-194.644361	2.928465	2.929777	4.674862	89.985553	89.972229	120.072249	114.892336	0.116974	0.107247	70.344979	1.000000	-999.637092	-449.194448	563.528717	-449.194448	1200.567479	-617.011814	563.528717	-617.011814	788.947404	-428.737039	-53.052598	482.917825	-53.052598	1158.653560	-482.587087	482.917825	-482.587087	567.323401	325.327548	1.000000	277.318156	90.650968	73.834064	
8864	0.069543	0.066353	0.995377	-0.414637	0.909437	-0.031652	-0.907334	-0.410516	0.090757	75.609461	438.566733	177.220897	2.928295	2.926579	4.677393	89.843200	90.037687	119.919653	382.501401	0.185093	0.214876	68.125418	0.808511	-536.045115	1486.847472	297.615430	1486.847472	1422.754461	-717.082147	297.615430	-717.082147	1027.984969	-1205.113289	209.989895	-388.246309	209.989895	2100.449128	-326.201478	-388.246309	-326.201478	1344.241848	1920.233836	1.000000	0.000000	0.000000	0.000000	
8865	0.303204	-0.121918	-0.945095	0.282073	0.958819	-0.033194	0.910221	-0.256521	0.325107	351.383691	-405.110097	-40.839120	2.929617	2.931474	4.676112	89.938867	89.982055	120.076178	181.586370	0.119310	0.116253	46.976035	0.872340	-756.747585	-957.203776	374.058200	-957.203776	1793.304762	-512.863278	374.058200	-512.863278	1153.615680	-864.867022	-64.711582	843.605502	-64.711582	1299.392120	8.236727	843.605502	8.236727	974.131592	747.952124	1.000000	281.425291	75.165284	93.899057	
9027	0.049012	0.044903	0.997788	-0.062995	0.997139	-0.041779	-0.996810	-0.060808	0.051700	-437.428141	321.999171	98.495567	2.927763	2.926124	4.683730	89.980039	90.009090	119.979023	163.718158	0.115020	0.106097	43.953850	0.816667	782.285339	-194.210611	-14.080259	-194.210611	405.392600	59.774689	-14.080259	59.774689	1150.031428	-528.571122	151.720247	-24.001763	151.720247	717.185243	612.884465	-24.001763	612.884465	1312.078274	1040.851838	1.000000	96.969390	70.056796	265.684078	
8870	0.234196	0.130526	-0.963387	-0.343014	0.938311	0.043743	0.909667	0.320210	0.264521	78.855204	227.764319	-67.141306	2.929636	2.930533	4.677392	89.984476	89.901743	120.065590	141.176980	0.113674	0.117934	38.947882	0.813830	-853.553807	752.563824	-323.312223	752.563824	1417.220753	545.329595	-323.312223	545.329595	1690.549257	-888.126097	685.782627	-55.756121	685.782627	1686.075187	682.362552	-55.756121	682.362552	1579.867846	942.972305	1.000000	101.245186	88.098772	280.925773	
8872	0.380233	-0.141308	0.914032	0.441732	0.896006	-0.045237	-0.812586	0.420958	0.403111	-32.260637	129.304906	-82.985703	2.928449	2.929807	4.679206	90.042368	90.042502	120.085917	191.987678	0.121541	0.122157	53.528395	0.872340	-348.863763	-874.586879	-168.325851	-874.586879	946.685900	581.037676	-168.325851	581.037676	1185.735251	-400.940545	-244.236100	-636.423200	-244.236100	1151.224277	298.462823	-636.423200	298.462823	906.040741	713.142486	1.000000	0.000000	0.000000	0.000000	
8874	0.122384	0.069278	-0.990062	-0.183942	0.981862	0.045967	0.975288	0.176489	0.132907	106.376216	458.237094	-74.087032	2.926484	2.929627	4.677318	90.010486	89.971231	119.984751	105.660147	0.112242	0.091485	51.920525	0.898936	-621.875261	26.883752	-106.150511	26.883752	1710.389782	-240.585519	-106.150511	-240.585519	581.057188	-526.638578	388.733574	15.528947	388.733574	1081.356152	-183.751039	15.528947	-183.751039	676.099034	788.345726	1.000000	276.917500	81.639347	75.061470	
9057	0.317977	-0.053198	0.946611	0.293702	0.954838	-0.044999	-0.901466	0.292328	0.319240	78.824538	-87.752749	227.510561	2.929626	2.927252	4.675954	90.079528	89.992217	120.001157	161.590392	0.128710	0.124078	37.965625	0.829787	-434.238203	637.175719	-852.222347	637.175719	826.886458	628.025481	-852.222347	628.025481	1081.344237	-862.838544	401.925154	-720.536035	401.925154	1445.112661	326.617948	-720.536035	326.617948	1015.897064	667.448199	1.000000	0.000000	0.000000	0.000000	
9063	0.394037	0.154661	0.905988	-0.268995	0.961983	-0.047227	-0.878850	-0.225098	0.420660	146.794176	280.367188	-9.282365	2.927106	2.927771	4.675665	89.984291	90.004053	119.935345	143.592961	0.108697	0.115083	65.886336	0.984043	-612.676186	-306.166896	-724.396030	-306.166896	1313.548174	572.547309	-724.396030	572.547309	691.411516	-728.114469	-5.217982	-372.960967	-5.217982	955.537992	343.594699	-372.960967	343.594699	1084.813092	681.615570	1.000000	96.510714	59.531446	293.220616	
9047	0.060451	0.044285	0.997196	0.078703	0.995694	-0.048990	-0.995071	0.081443	0.056705	106.949132	-415.828911	-162.696084	2.928546	2.928248	4.677727	89.973122	90.027646	120.021725	139.462836	0.120119	0.111129	40.627118	0.833333	-509.535380	48.643170	173.907965	48.643170	824.352204	12.790687	173.907965	12.790687	1302.790746	-688.790835	193.014847	440.396546	193.014847	1099.711884	-22.397032	440.396546	-22.397032	1193.980690	538.195344	1.000000	0.000000	0.000000	0.000000	
8882	0.077607	0.031020	0.996501	0.260402	0.964189	-0.050294	-0.962376	0.263395	0.066751	4.318745	464.042059	-71.454542	2.926902	2.932035	4.675182	90.048731	89.995827	119.987123	193.962004	0.107314	0.116655	49.542501	0.909574	-1070.319694	-270.462677	-31.081602	-270.462677	2643.483002	-148.316661	-31.081602	-148.316661	582.260308	-689.712094	368.474219	-541.745639	368.474219	1640.421083	19.667075	-541.745639	19.667075	334.172539	1136.160015	1.000000	276.303041	78.523186	87.266567	
9092	0.545288	0.186574	-0.817226	-0.253132	0.966052	0.051650	0.799119	0.178701	0.574004	400.145519	-367.765249	67.171413	2.931576	2.930114	4.680619	89.894576	90.092966	120.148609	189.064552	0.126314	0.118531	98.882839	1.000000	1813.628228	-612.810064	1532.717240	-612.810064	-164.657100	-221.461859	1532.717240	-221.461859	973.837793	120.770259	231.399136	1233.219417	231.399136	856.947467	133.513267	1233.219417	133.513267	427.780860	375.710197	1.000000	0.000000	0.000000	0.000000	
9083	0.490723	-0.066691	0.868764	0.222154	0.973691	-0.050740	-0.842524	0.217897	0.492628	228.776158	-250.296356	48.395583	2.926771	2.927274	4.675398	90.043615	90.071437	120.002194	133.797064	0.113490	0.098972	49.378469	0.893617	-812.577533	953.131756	-478.631871	953.131756	601.272532	404.900703	-478.631871	404.900703	586.668631	-404.374124	333.188245	-300.825109	333.188245	1092.133847	79.410321	-300.825109	79.410321	737.040616	463.235382	1.000000	0.000000	0.000000	0.000000	
8894	0.096374	0.044666	-0.994350	0.120315	0.991145	0.056185	0.988054	-0.125050	0.090147	119.924506	-159.914988	15.211389	2.927591	2.930626	4.679536	90.027974	89.923548	120.073338	195.433337	0.120861	0.120477	54.112900	0.936170	-139.128531	455.505152	-371.863992	455.505152	417.704840	752.539542	-371.863992	752.539542	1690.304588	-496.411978	445.801701	-121.976659	445.801701	1297.575269	414.410089	-121.976659	414.410089	1360.023417	800.185494	1.000000	0.000000	0.000000	0.000000	
9067	0.013839	0.054645	-0.998410	0.167000	0.984354	0.056191	0.985860	-0.167512	0.004496	-167.695854	-178.603991	-208.761276	2.927840	2.928877	4.673965	89.975019	90.013470	119.914380	166.260413	0.108919	0.115319	43.969046	0.861702	-1303.419250	-45.000570	108.764413	-45.000570	1634.989985	882.978351	108.764413	882.978351	1537.784828	-1104.016033	-299.219566	-192.872151	-299.219566	1518.233536	685.482965	-192.872151	685.482965	1036.889833	834.205771	1.000000	276.571606	89.620243	84.235341	
8899	0.160519	0.070985	-0.984484	-0.488383	0.872470	-0.016726	0.857747	0.483486	0.174715	-283.949274	-73.096619	90.975550	2.928647	2.930347	4.681056	90.078497	89.937071	120.019486	243.075622	0.158341	0.176148	45.801692	0.840426	52.831364	375.720991	-336.904418	375.720991	1637.163052	-423.953380	-336.904418	-423.953380	1412.644858	-516.913377	498.248145	1.938115	498.248145	1341.935786	18.290827	1.938115	18.290827	1187.876430	1201.093163	1.000000	100.627689	86.269390	262.298313	
9071	0.147972	0.061971	-0.987055	-0.030305	0.997850	0.058106	0.988534	0.021314	0.149531	452.339941	288.475058	51.378301	2.930002	2.927569	4.677193	89.982034	90.031022	120.031744	94.812889	0.115361	0.093899	56.537900	0.929348	-454.400353	250.755903	570.278678	250.755903	767.857637	411.360428	570.278678	411.360428	1354.404676	-500.083904	321.154778	168.405329	321.154778	830.495279	65.556204	168.405329	65.556204	1357.482156	402.180139	1.000000	0.000000	0.000000	0.000000	
9077	0.319928	0.056691	-0.945750	-0.000858	0.998225	0.059547	0.947447	-0.018240	0.319409	311.185299	-392.672056	243.801567	2.929724	2.928481	4.673024	90.026039	90.097037	120.129243	215.758049	0.144734	0.141613	50.239485	0.902174	-783.857421	1134.201336	1331.292440	1134.201336	-689.338186	-151.869470	1331.292440	-151.869470	1477.986250	-548.763416	460.270209	1239.244508	460.270209	937.771640	-462.387765	1239.244508	-462.387765	907.121924	908.934749	1.000000	96.561341	75.321765	236.806885	
9076	0.235165	0.111492	0.965540	-0.221479	0.973411	-0.058458	-0.946385	-0.200100	0.253605	80.878364	-81.712062	-64.699281	2.928053	2.929784	4.673821	90.013075	89.911876	120.018440	221.668307	0.128388	0.142519	42.798929	0.851064	-765.434553	124.751287	-1270.569303	124.751287	1599.644398	-81.915083	-1270.569303	-81.915083	337.015940	-1013.478807	164.391539	-757.556108	164.391539	1654.531141	-230.972540	-757.556108	-230.972540	449.190566	693.623840	1.000000	0.000000	0.000000	0.000000	
8912	0.342163	0.160272	-0.925871	-0.281446	0.957588	0.061752	0.896500	0.239453	0.372760	-415.799291	243.082939	-24.028690	2.928759	2.927819	4.676435	89.999734	89.950618	119.997040	134.348359	0.126602	0.121740	74.737397	1.000000	-782.882539	226.571116	367.666143	226.571116	931.379190	-100.911119	367.666143	-100.911119	1368.166148	-703.505028	-154.082307	526.684609	-154.082307	1328.827072	-370.308617	526.684609	-370.308617	1207.232007	954.712503	1.000000	96.466476	70.042669	292.174793	
8913	0.093290	0.032415	-0.995118	-0.412943	0.910713	-0.009050	0.905975	0.411768	0.098345	-122.172026	-369.488780	-166.667614	2.927601	2.928831	4.676944	90.088951	90.009453	119.898869	262.519121	0.160990	0.152502	53.700301	0.925532	-659.197269	975.563841	123.919461	975.563841	2479.313203	513.119336	123.919461	513.119336	742.771290	-1002.184061	154.800848	451.154091	154.800848	1447.360783	147.800954	451.154091	147.800954	883.665612	1219.952009	1.000000	276.449571	78.440809	87.249113	
9091	0.359833	-0.093668	0.928308	0.395731	0.916343	-0.060936	-0.844942	0.389284	0.366798	147.433532	-190.408863	212.234104	2.928916	2.927761	4.675624	90.053091	90.005964	120.016638	150.893903	0.116182	0.109057	69.851017	1.000000	-554.952862	608.106524	-759.672302	608.106524	700.220717	277.788798	-759.672302	277.788798	1033.658106	-783.318212	314.105087	-415.713681	314.105087	1604.834061	55.126618	-415.713681	55.126618	1295.790704	645.282292	1.000000	0.000000	0.000000	0.000000	
9080	0.013922	0.063274	-0.997899	0.164316	0.984283	0.064703	0.986310	-0.164871	0.003306	391.552260	411.785083	-97.843378	2.926847	2.927876	4.673878	89.897969	90.038764	119.941017	329.500506	0.153069	0.177697	35.317263	0.861702	-1413.328784	-728.682761	73.032631	-728.682761	1294.220247	622.216230	73.032631	622.216230	1018.450660	-983.286411	-365.678742	336.620862	-365.678742	956.214881	396.715733	336.620862	396.715733	1361.633169	1471.847142	1.000000	0.000000	0.000000	0.000000	
8918	0.093293	0.033258	-0.995090	-0.412429	0.910953	-0.008223	0.906208	0.411168	0.098702	-129.152178	-385.306003	-164.696107	2.927196	2.928162	4.677682	90.087069	89.985948	119.946171	235.615626	0.150692	0.142726	53.188401	0.930851	-536.632417	797.359361	-82.591981	797.359361	1700.296299	202.889468	-82.591981	202.889468	713.806723	-843.755879	38.799177	497.626914	38.799177	1286.109591	196.460010	497.626914	196.460010	846.612303	1262.936783	1.000000	0.000000	0.000000	0.000000	
9082	0.160859	0.128394	-0.978597	-0.359931	0.930852	0.062963	0.919014	0.342096	0.195948	282.893969	-345.835319	150.157042	2.929213	2.926010	4.674934	90.074114	89.984592	120.023672	192.843952	0.118296	0.115583	117.937193	1.000000	-988.918697	763.513592	257.114028	763.513592	85.019417	175.123537	257.114028	175.123537	1367.204482	-994.922635	283.796569	415.481528	283.796569	1557.709843	316.096891	415.481528	316.096891	912.899811	617.800836	1.000000	96.098689	63.870285	267.675192	
8925	0.267051	-0.152058	-0.951610	0.478821	0.877893	-0.005907	0.836310	-0.454074	0.307250	-302.046027	265.399058	249.040773	2.927696	2.927389	4.680677	90.032949	89.954072	120.040291	186.994382	0.118532	0.133649	46.283234	0.861702	-16.645419	0.227594	-98.982580	0.227594	427.389130	-353.100754	-98.982580	-353.100754	1065.227690	-581.959731	-120.825885	248.454059	-120.825885	893.195478	-390.144251	248.454059	-390.144251	859.351497	1053.500046	1.000000	0.000000	0.000000	0.000000	
8928	0.412754	0.061471	0.908771	-0.002369	0.997789	-0.066417	-0.910845	0.025262	0.411987	150.147081	-222.744712	17.961605	2.929730	2.930516	4.676048	89.975129	90.015727	119.976604	162.396110	0.102931	0.109625	47.312750	0.888889	-563.781582	192.937002	-781.228297	192.937002	2082.701760	241.198340	-781.228297	241.198340	1375.634555	-528.866646	367.335623	-549.535500	367.335623	1154.693544	164.675133	-549.535500	164.675133	1536.729765	1201.753370	1.000000	276.215722	78.407824	87.389725	
9094	0.191559	-0.003457	-0.981475	0.365361	0.928376	0.068039	0.910943	-0.371626	0.179102	-170.281527	197.974474	146.240254	2.927904	2.930205	4.677758	89.992853	90.016379	120.071114	176.471516	0.106331	0.116146	53.457217	0.867021	-401.872790	-36.360797	297.485264	-36.360797	1302.456426	-815.611859	297.485264	-815.611859	674.537775	-325.332550	-200.143048	310.622962	-200.143048	1245.070888	-1083.646184	310.622962	-1083.646184	570.315510	819.600727	1.000000	276.165680	75.975238	82.101939	
9093	0.043234	0.070474	-0.996584	-0.044908	0.996638	0.068530	0.998063	0.041790	0.046253	-293.447660	-233.351387	76.186872	2.926438	2.931254	4.676210	90.143196	89.906064	120.010861	216.494413	0.142248	0.140759	62.474449	0.972222	-844.186451	579.744148	-1139.930411	579.744148	1160.119127	-900.605962	-1139.930411	-900.605962	1391.324452	-771.624017	495.398778	4.242848	495.398778	886.817675	-409.953398	4.242848	-409.953398	1233.842959	612.123030	1.000000	0.000000	0.000000	0.000000	
8932	0.140187	-0.050495	-0.988837	0.295130	0.955432	-0.006949	0.945117	-0.290861	0.148841	374.592299	-74.215219	41.844822	2.926934	2.930755	4.673663	90.011979	89.901124	120.020046	183.967845	0.159241	0.143610	96.199860	1.000000	-1582.939000	-236.532755	-614.190036	-236.532755	1947.330285	-232.654530	-614.190036	-232.654530	706.145944	-971.755588	-70.705967	-43.390437	-70.705967	1986.120570	-45.116570	-43.390437	-45.116570	703.070637	732.691739	1.000000	0.000000	0.000000	0.000000	
9095	0.088500	0.055022	0.994563	0.202899	0.976543	-0.072082	-0.975200	0.208174	0.075260	403.219483	-150.406276	-232.698573	2.928719	2.928219	4.670701	89.994234	90.026550	120.005668	228.267420	0.135580	0.143949	50.073515	0.914894	-1962.240135	357.539457	-42.111206	357.539457	1028.977881	80.565712	-42.111206	80.565712	1261.160019	-1028.351595	-4.680374	86.288786	-4.680374	1631.662363	78.990884	86.288786	78.990884	487.714407	620.283896	1.000000	100.401604	80.851247	273.276944	
9096	0.137899	0.078941	-0.987302	-0.059074	0.995700	0.071362	0.988690	0.048482	0.141970	-117.354790	-135.885473	244.880223	2.928855	2.930009	4.676637	90.010077	90.013909	120.065863	113.425842	0.121629	0.107996	56.570334	0.968085	-629.134207	249.583014	361.369278	249.583014	513.529897	-345.853208	361.369278	-345.853208	1762.103261	-719.881943	330.174044	332.303595	330.174044	815.037521	-464.264185	332.303595	-464.264185	1758.069424	398.651421	1.000000	280.289693	88.406362	99.336675	
8939	0.107877	0.052268	0.992789	0.199355	0.977196	-0.073109	-0.973971	0.205805	0.094997	458.144018	34.663992	215.842774	2.926253	2.929083	4.669819	89.977706	89.958813	119.975487	186.860815	0.140699	0.139227	53.897284	0.914894	-1993.794067	589.384111	-739.277615	589.384111	1497.136504	-221.609910	-739.277615	-221.609910	391.829016	-679.370180	40.077138	-114.688527	40.077138	1484.036326	-303.998782	-114.688527	-303.998782	680.507326	575.973832	1.000000	280.497943	87.672713	53.881877	
8940	0.128528	-0.018473	-0.991534	0.135092	0.990833	-0.000949	0.982462	-0.133827	0.129845	-319.531450	319.490500	-90.593614	2.928077	2.926717	4.679690	89.983313	89.968574	119.956279	173.889926	0.112903	0.123035	38.657008	0.840426	-138.362818	-150.895555	-175.377388	-150.895555	669.464364	382.295784	-175.377388	382.295784	1482.192241	-599.364709	-311.519150	-112.173427	-311.519150	1108.174481	150.098451	-112.173427	150.098451	1243.107120	1077.481284	1.000000	0.000000	0.000000	0.000000	
8941	0.013946	-0.010409	-0.999849	0.370929	0.928650	-0.004494	0.928557	-0.370810	0.016812	-204.945910	-309.673464	-226.530403	2.927522	2.931110	4.677402	90.048306	90.032053	119.904196	215.494712	0.195064	0.166589	71.495165	1.000000	-547.659995	600.174428	393.255002	600.174428	2878.320009	764.479100	393.255002	764.479100	1029.351030	-603.102888	47.341725	39.990868	47.341725	1709.068017	-152.142051	39.990868	-152.142051	429.715287	704.941848	1.000000	276.051407	80.760735	69.971799	
8943	0.417184	-0.059551	0.906869	0.290966	0.954080	-0.071201	-0.860986	0.293571	0.415354	107.581069	-80.557811	176.189412	2.928850	2.929365	4.677999	89.979513	90.019122	120.012592	99.651085	0.107425	0.096883	74.481392	0.994681	-223.528946	199.348274	-526.905486	199.348274	1403.425665	227.149608	-526.905486	227.149608	1074.022654	-113.812574	226.967328	-484.585305	226.967328	1294.532627	138.306801	-484.585305	138.306801	1023.256624	381.380215	1.000000	0.000000	0.000000	0.000000	
9114	0.298556	0.154645	-0.941786	-0.242192	0.966760	0.081967	0.923157	0.203619	0.326086	98.811374	-89.605079	-155.136438	2.927116	2.926980	4.676810	90.037705	89.932898	119.939536	103.520746	0.113100	0.096608	71.097230	1.000000	-900.337039	175.013410	-69.978077	175.013410	1534.899873	316.961095	-69.978077	316.961095	692.828587	-960.731401	417.985674	24.288191	417.985674	1285.066604	99.657777	24.288191	99.657777	520.951886	414.153745	1.000000	0.000000	0.000000	0.000000	
8945	0.061804	-0.030459	-0.997623	0.491458	0.870893	0.003856	0.868705	-0.490528	0.068794	265.198541	14.169621	199.996621	2.927560	2.928521	4.681868	89.983611	90.005464	120.048868	323.666119	0.124882	0.176174	53.115254	0.956522	406.359086	-172.689718	75.951758	-172.689718	722.258636	-512.775359	75.951758	-512.775359	856.375432	-963.417651	-28.849438	-173.330969	-28.849438	1220.070867	-17.643082	-173.330969	-17.643082	985.613026	1106.009968	1.000000	0.000000	0.000000	0.000000	
8946	0.036292	0.071159	0.996805	0.215694	0.973393	-0.077340	-0.975786	0.217812	0.019978	440.047466	29.877096	71.135815	2.926491	2.929498	4.674536	89.976990	90.020608	119.991115	118.360662	0.114098	0.108215	66.522449	1.000000	-1127.756029	394.770514	89.361298	394.770514	1607.929498	-143.125270	89.361298	-143.125270	489.150048	-676.828195	443.544288	159.321246	443.544288	1502.907535	-58.028472	159.321246	-58.028472	671.494211	482.452432	1.000000	280.341055	88.344869	99.313550	
9107	0.129430	0.109755	0.985496	-0.228408	0.970430	-0.078079	-0.964924	-0.214989	0.150671	296.746226	333.210647	13.154044	2.926370	2.929029	4.679595	90.068353	89.968540	119.962455	152.352977	0.103556	0.105036	50.062482	0.845745	52.025316	641.556801	-163.014294	641.556801	1510.221067	520.340213	-163.014294	520.340213	574.316056	-664.240315	496.185894	46.560758	496.185894	1839.679457	243.841295	46.560758	243.841295	801.590680	796.511531	1.000000	0.000000	0.000000	0.000000	
8952	0.064314	-0.033378	-0.997371	0.490788	0.871275	0.002489	0.868902	-0.489658	0.072417	277.180058	15.614892	187.769595	2.925885	2.928516	4.679977	90.075555	89.902546	120.002784	401.601506	0.120945	0.195017	49.727264	0.929348	-124.613745	262.607595	-817.985451	262.607595	1178.304003	-291.860792	-817.985451	-291.860792	416.149973	-750.724962	-60.005596	-235.731912	-60.005596	1324.521273	-14.145085	-235.731912	-14.145085	849.542618	525.671791	1.000000	0.000000	0.000000	0.000000	
8954	0.084747	-0.006956	-0.996378	0.134673	0.990880	0.004537	0.987259	-0.134570	0.084911	170.525769	425.559268	-197.764144	2.927274	2.928364	4.679233	90.033819	89.957288	120.009127	196.095761	0.129357	0.128200	47.931329	0.861702	-205.690548	259.875127	-221.705930	259.875127	1146.472463	-55.944571	-221.705930	-55.944571	730.530697	-424.256057	-31.799399	393.373800	-31.799399	1142.537216	180.268275	393.373800	180.268275	590.444558	1189.162174	1.000000	95.814249	77.589376	280.296056	
9111	0.040674	0.084228	-0.995624	-0.039697	0.995790	0.082621	0.998391	0.036162	0.043847	243.112785	114.276298	-165.205730	2.928608	2.929734	4.675279	90.047496	89.993854	120.004058	188.762260	0.111312	0.123369	106.204561	1.000000	-950.609792	554.253412	-168.966026	554.253412	1304.463446	-227.266964	-168.966026	-227.266964	1447.924086	-616.911628	184.849055	-51.238715	184.849055	886.289085	-159.998258	-51.238715	-159.998258	1381.847646	493.009874	1.000000	0.000000	0.000000	0.000000	
8963	0.298667	0.155851	-0.941546	-0.242408	0.966609	0.083105	0.923058	0.203417	0.326473	92.778368	-86.021038	-150.139900	2.927165	2.929619	4.676655	90.013652	89.920376	120.029760	108.825317	0.130847	0.120385	71.362471	1.000000	-1002.351535	345.135979	-188.810738	345.135979	1477.588996	245.544004	-188.810738	245.544004	827.987803	-1184.901598	406.161337	127.199617	406.161337	1375.372529	92.776890	127.199617	92.776890	540.160020	423.801589	1.000000	275.889593	81.746456	65.584011	
8964	0.175782	-0.013678	0.984334	0.536813	0.839489	-0.084199	-0.825186	0.543204	0.154910	44.359589	164.221912	232.357118	2.928339	2.929304	4.673600	90.008049	90.012756	119.986347	157.063884	0.130462	0.136566	51.895367	0.861702	-1343.006340	102.062231	-286.658240	102.062231	1614.391515	4.374605	-286.658240	4.374605	1111.450379	-1015.065224	148.184293	-14.270524	148.184293	1405.698972	-32.615892	-14.270524	-32.615892	818.858975	607.861974	1.000000	0.000000	0.000000	0.000000	
8968	0.310173	0.061957	-0.948665	0.062055	0.994426	0.085236	0.948658	-0.085308	0.304600	442.851556	-218.558460	-204.386444	2.928719	2.928841	4.684458	90.030060	89.955372	120.060471	173.377660	0.111138	0.114408	48.576424	0.885870	806.491765	91.789157	-122.773289	91.789157	371.169668	109.796749	-122.773289	109.796749	1748.560851	-531.501612	351.545905	304.091306	351.545905	588.368163	25.757349	304.091306	25.757349	1506.454459	1271.934451	1.000000	0.000000	0.000000	0.000000	
9121	0.098523	0.073147	0.992450	0.137311	0.986756	-0.086360	-0.985623	0.144782	0.087174	-370.423996	-363.639205	-64.570401	2.926644	2.927812	4.679767	90.006007	90.007422	120.032676	203.879223	0.123735	0.121449	46.827364	0.882979	-19.705753	174.062451	-80.288377	174.062451	320.301579	-298.629534	-80.288377	-298.629534	843.578932	-835.450033	436.642122	-42.774452	436.642122	1147.836260	-312.777118	-42.774452	-312.777118	1139.822113	1003.664482	1.000000	0.000000	0.000000	0.000000	
8971	0.600856	-0.131913	0.788398	0.309638	0.947698	-0.077416	-0.736950	0.290634	0.610275	-226.924335	-232.475563	-175.019100	2.928873	2.928552	4.680049	89.984975	90.057857	120.067825	177.882630	0.135682	0.124281	62.326595	0.994681	-151.519387	-364.456110	-365.403129	-364.456110	790.831526	515.935193	-365.403129	515.935193	1223.980915	460.121297	-418.117938	-889.958169	-418.117938	572.873697	336.082799	-889.958169	336.082799	549.078261	478.906352	1.000000	275.484412	84.646355	57.602316	
9122	0.008293	0.085691	0.996295	-0.052299	0.994995	-0.085144	-0.998605	-0.051398	0.012733	-256.869157	-10.026616	-109.390562	2.926485	2.925848	4.672871	89.998492	89.965996	119.947804	280.291011	0.118631	0.147026	59.030275	0.905556	-1553.599508	-83.806872	-162.318909	-83.806872	1232.134022	80.788688	-162.318909	80.788688	121.188053	-937.653138	421.656832	428.373483	421.656832	882.824793	337.634775	428.373483	337.634775	748.532062	1042.824990	1.000000	0.000000	0.000000	0.000000	
9137	0.363046	0.149161	-0.919760	-0.184537	0.979061	0.085937	0.913320	0.138529	0.382970	-329.652764	-36.064522	196.857360	2.928021	2.928933	4.682044	89.961932	89.966730	120.022518	146.384383	0.106798	0.107424	80.748065	1.000000	385.625739	-615.250732	235.040819	-615.250732	1030.281964	-5.669962	235.040819	-5.669962	1170.092924	-147.511528	-153.158049	373.237838	-153.158049	1044.713112	-281.353616	373.237838	-281.353616	1412.175962	984.224294	1.000000	95.435940	69.185936	274.574445	
8980	0.260423	0.200499	0.944453	-0.383078	0.919366	-0.089542	-0.886252	-0.338477	0.316230	168.864896	189.662168	-234.227995	2.927783	2.928506	4.674025	89.977569	90.103150	119.973771	213.892682	0.114423	0.127804	39.542324	0.808511	-1609.461424	-93.852223	-1.687345	-93.852223	1545.010211	-203.161238	-1.687345	-203.161238	1200.272576	-1029.278404	327.403181	-236.618268	327.403181	1580.677656	-16.236037	-236.618268	-16.236037	800.959594	974.588791	1.000000	0.000000	0.000000	0.000000	
8982	0.553768	-0.185526	0.811739	0.423680	0.902013	-0.082876	-0.716824	0.389812	0.578109	-60.415615	-121.130919	-158.960882	2.931488	2.927063	4.676707	90.039198	90.040795	120.078375	182.125971	0.115763	0.121538	39.950559	0.820652	-216.815843	-646.321574	-1250.333645	-646.321574	60.731523	36.224917	-1250.333645	36.224917	1582.245845	-28.329594	-589.394867	-1466.063358	-589.394867	-2.809256	20.088350	-1466.063358	20.088350	1101.762007	669.178928	1.000000	0.000000	0.000000	0.000000	
8983	0.298789	0.155105	-0.941630	-0.242321	0.966695	0.082343	0.923041	0.203574	0.326423	92.988714	-75.325921	-152.076678	2.927954	2.929643	4.674642	90.008402	89.931201	120.038033	302.125755	0.154214	0.186017	67.100959	0.803191	-1293.959529	421.847173	95.077538	421.847173	1420.414144	303.572810	95.077538	303.572810	940.967026	-1087.262902	257.173138	45.109786	257.173138	1453.375438	-33.699064	45.109786	-33.699064	461.112190	1576.196906	1.000000	95.238595	70.368928	250.456488	
8985	0.031587	0.093613	-0.995115	0.322738	0.941318	0.098800	0.945969	-0.324280	-0.000479	-420.022470	344.013822	-204.143346	2.926901	2.926381	4.683097	90.059496	90.055662	119.894558	206.587058	0.142790	0.131835	47.865132	0.845745	485.085669	-819.866403	234.118621	-819.866403	2043.450588	-759.366674	234.118621	-759.366674	314.668378	-692.462125	144.579452	-232.075741	144.579452	1401.276963	-947.243290	-232.075741	-947.243290	622.423096	977.757392	1.000000	275.174762	87.783886	109.736260	
9133	0.036138	0.095431	0.994788	-0.018183	0.995328	-0.094823	-0.999189	-0.014661	0.037705	172.936981	-112.556186	-219.846876	2.931261	2.929560	4.673176	89.992163	90.021049	120.065902	206.995420	0.108933	0.128628	55.963477	0.944444	-1423.285396	322.013199	40.918670	322.013199	820.689798	356.626873	40.918670	356.626873	2177.744567	-845.340206	276.493803	-189.553106	276.493803	704.691292	144.769783	-189.553106	144.769783	1702.021895	881.327390	1.000000	95.027085	77.144085	277.420022	
8987	0.118050	0.056953	0.991373	0.336741	0.936901	-0.093922	-0.934168	0.344923	0.091423	-276.748062	-102.843696	229.099249	2.928308	2.930870	4.680351	89.957834	90.006019	120.072539	250.960038	0.117752	0.145082	41.271231	0.840426	157.864207	456.112892	-4.238225	456.112892	1492.507280	849.197000	-4.238225	849.197000	829.738353	-1047.793866	259.391110	336.847963	259.391110	1875.428448	663.670514	336.847963	663.670514	754.810719	870.297968	1.000000	95.148431	80.183952	245.818607	
9146	0.241654	0.200045	0.949518	-0.391153	0.915579	-0.093346	-0.888033	-0.348850	0.299502	-279.849640	-117.669587	-216.720141	2.926420	2.929252	4.674279	90.081785	89.883536	119.975932	267.074750	0.146072	0.150234	34.783047	0.808511	-428.013433	543.579141	-1257.359784	543.579141	1603.394381	347.904018	-1257.359784	347.904018	-218.072476	-1054.848728	758.637088	-180.808637	758.637088	1382.972974	406.006866	-180.808637	406.006866	1064.677266	811.668973	1.000000	0.000000	0.000000	0.000000	
8994	0.037805	0.100916	0.994184	-0.103595	0.989923	-0.096544	-0.993909	-0.099341	0.047878	327.600188	250.336802	-171.201369	2.928421	2.930803	4.678299	90.041350	89.855348	120.030307	141.253310	0.105530	0.099706	56.042160	0.869565	-97.498470	905.982702	-1054.618948	905.982702	1052.170053	666.086997	-1054.618948	666.086997	1525.714762	-277.677286	441.454284	-602.729751	441.454284	720.875184	917.425113	-602.729751	917.425113	1095.542150	422.403735	1.000000	0.000000	0.000000	0.000000	
8996	0.031552	0.094802	-0.995004	0.322166	0.941396	0.099914	0.946165	-0.323707	-0.000839	-437.395256	370.859633	-215.898904	2.928156	2.925126	4.681320	89.939822	90.023560	120.000637	157.435413	0.131700	0.121158	48.018704	0.872340	367.863970	420.910574	247.106942	420.910574	99.678204	-495.746447	247.106942	-495.746447	929.437394	-531.162909	239.539487	-117.322787	239.539487	1363.785130	-931.867869	-117.322787	-931.867869	643.147432	690.771947	1.000000	279.437747	79.216652	81.405452	
9147	0.012440	0.106660	0.994218	-0.192418	0.975967	-0.102295	-0.981234	-0.190033	0.032664	-27.191027	-256.849602	-206.716577	2.925872	2.928170	4.676520	89.963837	90.037525	120.004220	172.782420	0.114002	0.121190	68.383367	0.989362	-795.067291	-75.995355	220.671353	-75.995355	1160.411335	-9.802770	220.671353	-9.802770	229.928002	-865.818326	89.970837	409.877102	89.970837	1388.203457	483.916722	409.877102	483.916722	647.806050	828.124664	1.000000	0.000000	0.000000	0.000000	
9002	0.023444	0.028510	-0.999326	-0.026732	0.999254	0.027881	0.999375	0.026060	0.024189	-153.953404	-182.299752	-11.465862	2.927363	2.928806	4.674856	89.989398	90.009141	119.938190	186.013767	0.131084	0.123866	38.050514	0.850000	-1092.022031	64.865189	136.224000	64.865189	2002.113090	-255.757658	136.224000	-255.757658	722.712481	-1162.886036	-222.987729	477.791502	-222.987729	1350.695392	-150.099188	477.791502	-150.099188	861.126008	702.205646	1.000000	0.000000	0.000000	0.000000	
9149	0.049201	0.108077	-0.992932	-0.113451	0.988299	0.101952	0.992332	0.107631	0.060886	-255.147712	-417.316108	-237.086699	2.925932	2.929820	4.676307	90.033123	90.005820	120.023932	193.872996	0.113856	0.122722	34.647633	0.826087	-716.642744	458.582215	-78.788445	458.582215	712.909586	-817.532883	-78.788445	-817.532883	939.358432	-1017.747429	451.019083	27.435310	451.019083	1240.164863	-212.491634	27.435310	-212.491634	1086.599543	609.681887	1.000000	94.925183	79.382055	263.111695	
9005	0.076513	0.082315	0.993665	0.338088	0.935403	-0.103522	-0.937999	0.343867	0.043741	-398.300994	92.898025	228.642327	2.927815	2.930579	4.680339	90.071498	89.994742	120.075613	309.686379	0.117957	0.157095	47.375339	0.845745	-68.363420	-570.761211	132.686382	-570.761211	1589.103111	807.359264	132.686382	807.359264	656.978307	-452.124341	364.933573	17.084518	364.933573	1766.673904	580.088018	17.084518	580.088018	508.509471	988.536160	1.000000	274.883132	85.674606	69.847518	
9171	0.354508	0.198777	0.913680	-0.280561	0.954733	-0.098850	-0.891970	-0.221300	0.394229	-417.599501	153.395019	90.067285	2.929213	2.929791	4.681103	89.899509	89.964839	119.966175	225.705639	0.121358	0.128625	48.886371	0.893617	675.014353	-987.215331	-933.388071	-987.215331	2035.604628	-1.373486	-933.388071	-1.373486	941.517289	-382.027600	50.195717	-604.220421	50.195717	1199.310977	-164.623017	-604.220421	-164.623017	1183.222270	693.847882	1.000000	275.291962	84.557910	67.333537	
9009	0.070334	0.064570	0.995431	-0.412697	0.910378	-0.029893	-0.908149	-0.408709	0.090679	133.405519	472.336714	208.556792	2.929517	2.931953	4.671930	90.002671	89.937640	119.967091	152.630368	0.150977	0.115594	71.569476	0.989362	-1604.925528	-116.311033	-854.181066	-116.311033	2698.672569	166.536348	-854.181066	166.536348	1434.310714	-1264.777341	154.022899	-399.208244	154.022899	1573.803153	-657.315374	-399.208244	-657.315374	1194.317535	405.493542	1.000000	275.309820	84.544440	67.372769	
9012	0.180392	-0.022081	-0.983347	0.297204	0.954240	0.033094	0.937618	-0.298225	0.178699	-203.383219	-355.205125	-114.241414	2.928464	2.927976	4.674062	89.910413	90.048985	120.062218	158.501030	0.121357	0.113161	58.522133	0.978723	-1154.681709	-771.040593	631.872128	-771.040593	685.975082	-496.410746	631.872128	-496.410746	771.799664	-1132.762435	-106.483098	463.805315	-106.483098	1555.496948	-137.148565	463.805315	-137.148565	951.721401	585.758833	1.000000	94.746230	86.847090	252.331710	
9177	0.093059	0.124414	0.987857	-0.133015	0.984822	-0.111502	-0.986736	-0.121023	0.108196	-55.550442	231.439801	-197.684740	2.929718	2.928329	4.675947	90.080334	89.932190	120.023900	167.285047	0.124010	0.118414	39.615322	0.835106	-583.715001	877.148314	-625.703557	877.148314	879.854157	-164.359517	-625.703557	-164.359517	1346.286652	-744.868701	674.659708	-134.229650	674.659708	1327.314410	-88.915383	-134.229650	-88.915383	1246.439003	992.349024	1.000000	0.000000	0.000000	0.000000	
9180	0.056630	0.105404	-0.992816	0.287068	0.950700	0.117307	0.956235	-0.291649	0.023580	-64.542345	-363.974398	223.554329	2.927314	2.929116	4.674419	89.962089	90.030336	120.029334	257.244180	0.119823	0.153344	45.455141	0.851064	-1215.508019	4.626555	210.329733	4.626555	1319.410311	-339.602356	210.329733	-339.602356	605.682100	-876.057518	232.803837	-17.604497	232.803837	1633.337937	33.751168	-17.604497	33.751168	238.284886	852.351598	1.000000	278.852213	87.781088	88.115783	
9048	0.480888	-0.049523	-0.875387	0.302648	0.946414	0.112719	0.822897	-0.319138	0.470107	-90.995614	307.324863	170.321454	2.926231	2.925998	4.680366	89.984416	90.019147	119.944493	185.629912	0.107152	0.123004	77.171711	0.994681	238.539614	-59.411030	130.337596	-59.411030	1071.485605	-398.831090	130.337596	-398.831090	89.050401	-10.559862	446.162381	455.159472	446.162381	881.730820	-344.357113	455.159472	-344.357113	332.562281	620.390729	1.000000	274.394424	75.492371	103.910026	
9029	0.026125	0.118210	0.992653	-0.041248	0.992266	-0.117079	-0.998815	-0.037885	0.030799	-318.638467	456.165807	243.825776	2.926613	2.932156	4.680524	90.059038	90.060812	119.983989	232.506742	0.126221	0.138037	39.868779	0.811111	-117.403271	-850.456639	132.777017	-850.456639	2048.823813	1037.755529	132.777017	1037.755529	1337.499559	-788.591584	-71.778995	514.273789	-71.778995	644.063441	395.725779	514.273789	395.725779	1227.055180	778.451722	1.000000	274.127106	57.892133	101.727713	
9194	0.297515	0.041525	-0.953814	0.236393	0.964740	0.115737	0.924988	-0.259908	0.277209	-245.785019	102.325776	-105.186593	2.928880	2.931715	4.674818	90.012296	89.924504	120.089167	196.657723	0.102712	0.123857	86.704769	1.000000	-1366.672990	60.745940	-183.187728	60.745940	1932.180093	-837.612376	-183.187728	-837.612376	1047.638391	-858.093980	359.313549	-298.284814	359.313549	1856.727844	-512.150698	-298.284814	-512.150698	683.635389	925.644066	1.000000	0.000000	0.000000	0.000000	
9040	0.185759	0.162486	-0.969067	-0.201238	0.971619	0.124339	0.961768	0.171916	0.213185	-333.599495	446.921265	148.610984	2.926943	2.931168	4.673340	90.023095	90.031140	119.957165	294.702593	0.173646	0.175458	42.789675	0.808511	-1199.330605	66.526713	757.380238	66.526713	2392.563817	-596.150961	757.380238	-596.150961	587.584901	-1284.509816	367.967928	520.774405	367.967928	1460.582964	-642.444428	520.774405	-642.444428	1116.877233	1950.114690	1.000000	0.000000	0.000000	0.000000	
9042	0.447794	0.039904	0.893246	0.139717	0.983609	-0.113983	-0.883153	0.175843	0.434879	61.288545	-358.939723	-90.989660	2.929441	2.931527	4.679126	89.998228	90.051676	120.069837	166.541689	0.146089	0.143951	74.128727	1.000000	-405.957785	-47.169311	-88.461117	-47.169311	2073.994635	559.815484	-88.461117	559.815484	1188.873088	-485.261324	-177.961371	-269.995214	-177.961371	1381.845887	308.894616	-269.995214	308.894616	1058.507470	897.905238	1.000000	0.000000	0.000000	0.000000	
9204	0.299557	-0.052094	0.952661	0.526490	0.841739	-0.119526	-0.795667	0.537368	0.279575	-40.367736	229.979882	-44.552624	2.929251	2.930138	4.675458	89.966897	90.048792	120.088907	134.724761	0.105446	0.108600	74.723223	0.984043	-950.915732	380.720281	-372.558708	380.720281	918.778058	-855.262041	-372.558708	-855.262041	1372.727683	-931.615294	349.095298	-568.767012	349.095298	1259.461085	-587.479541	-568.767012	-587.479541	1197.071293	954.140084	1.000000	0.000000	0.000000	0.000000	
9049	0.042598	0.115402	0.992405	0.434614	0.892259	-0.122412	-0.899609	0.436528	-0.012147	439.670983	158.608031	178.862022	2.927587	2.931002	4.681392	89.951436	90.001355	120.046902	173.595504	0.108405	0.124005	52.268013	0.896739	437.145476	644.991930	66.777984	644.991930	1541.515614	680.364976	66.777984	680.364976	781.396654	-669.736558	314.207378	170.922657	314.207378	1383.049418	740.341216	170.922657	740.341216	1031.093064	687.128499	1.000000	278.306852	90.197354	81.287710	
9210	0.332471	-0.067615	0.940692	0.511168	0.851135	-0.119490	-0.792578	0.520576	0.317539	46.815945	-412.113225	45.113862	2.926674	2.930051	4.678415	89.931109	90.099778	119.992298	211.036959	0.118810	0.128273	44.975594	0.888298	-767.551412	161.687789	383.576585	161.687789	1831.527774	-310.794168	383.576585	-310.794168	972.417911	-648.693842	326.421812	88.134138	326.421812	1467.679787	98.463763	88.134138	98.463763	678.783465	1007.789973	1.000000	278.308630	90.198677	81.298791	
9054	0.308122	0.259153	0.915375	-0.410817	0.904093	-0.117673	-0.858080	-0.339790	0.385034	396.682252	377.350575	236.554240	2.928994	2.928945	4.675439	90.067073	89.955454	119.963805	170.619396	0.125830	0.116095	36.539113	0.803191	-351.438847	15.293029	-1158.713128	15.293029	1830.523491	-242.099644	-1158.713128	-242.099644	624.786803	-471.317623	-26.927698	-666.516346	-26.927698	1158.279232	-295.392573	-666.516346	-295.392573	1207.285731	1134.915345	1.000000	0.000000	0.000000	0.000000	
9209	0.186050	0.164500	-0.968679	-0.204049	0.970860	0.125679	0.961125	0.174273	0.214195	-385.405402	492.452050	160.676188	2.928994	2.930315	4.671317	89.984213	89.959977	119.918645	192.735112	0.120957	0.110878	40.240307	0.829787	-1839.147218	171.661710	453.040863	171.661710	2895.719059	83.039851	453.040863	83.039851	1090.099757	-737.358995	508.519981	213.183460	508.519981	997.884624	-584.169089	213.183460	-584.169089	949.855282	967.307106	1.000000	0.000000	0.000000	0.000000	
9062	0.096670	0.165581	-0.981447	-0.311114	0.941682	0.128228	0.945443	0.292946	0.142547	-193.369012	322.712260	-5.897672	2.927773	2.933089	4.676232	90.065110	89.901688	120.112763	215.516569	0.117835	0.122343	51.658072	0.904255	-997.695669	252.423800	-442.080765	252.423800	2235.824066	1320.180335	-442.080765	1320.180335	529.494239	-1025.717493	249.724523	-398.088749	249.724523	1562.067895	830.674831	-398.088749	830.674831	697.807913	819.769005	1.000000	0.000000	0.000000	0.000000	
9064	0.236245	0.037606	0.970966	0.378638	0.916702	-0.127630	-0.894886	0.397797	0.202327	-98.300735	156.194047	-1.293043	2.927441	2.929133	4.675756	89.976636	90.048562	120.000240	165.311455	0.121387	0.115085	43.340490	0.845745	-959.246445	328.849966	62.843408	328.849966	1394.716361	102.815613	62.843408	102.815613	902.688497	-855.672342	233.932184	-509.545044	233.932184	1740.443712	5.029128	-509.545044	5.029128	660.951229	653.915225	1.000000	273.704249	64.650905	98.202856	
9069	0.212132	0.061606	-0.975304	0.322829	0.937565	0.129441	0.922385	-0.342313	0.178999	331.849269	-405.861730	-150.382109	2.927143	2.928791	4.676942	89.998811	90.016618	119.923009	155.239803	0.118772	0.116844	62.024908	0.973404	-555.602163	226.107797	309.241046	226.107797	2191.550479	-281.489530	309.241046	-281.489530	514.699380	-681.051291	542.095247	462.828729	542.095247	1506.705609	-478.875397	462.828729	-478.875397	574.226122	473.473963	1.000000	0.000000	0.000000	0.000000	
9223	0.242580	0.099089	0.965064	0.110552	0.985466	-0.128974	-0.963818	0.137977	0.228100	-416.168626	-151.690250	-237.124114	2.925050	2.929260	4.672651	90.071529	89.906700	119.948292	259.920904	0.135948	0.140903	35.867522	0.835106	-1026.689747	449.548926	-1243.843238	449.548926	1659.367155	-490.003074	-1243.843238	-490.003074	-210.487759	-707.226793	835.717990	-375.920521	835.717990	1183.816572	165.652314	-375.920521	165.652314	759.737271	1399.770023	1.000000	0.000000	0.000000	0.000000	
9222	0.108586	0.096979	0.989353	0.417833	0.898596	-0.133946	-0.902019	0.427927	0.057053	-200.700606	-384.720431	-28.522960	2.927428	2.928984	4.676433	89.993406	90.020282	120.013224	141.896014	0.116398	0.115859	82.156407	1.000000	-723.511617	324.883948	39.058860	324.883948	1129.783942	-302.218964	39.058860	-302.218964	890.212579	-977.801218	149.271364	317.863032	149.271364	1253.720468	50.037934	317.863032	50.037934	981.049337	468.040205	1.000000	93.720904	75.319490	236.840028	
9078	0.274981	0.051360	0.960077	0.289333	0.947863	-0.133576	-0.916882	0.314513	0.245784	-79.305139	153.704362	-226.412619	2.931290	2.932499	4.675903	89.941002	90.096895	120.121659	182.073087	0.096988	0.111248	40.290586	0.813830	-1065.737535	352.420423	281.453516	352.420423	1768.655506	1249.959173	281.453516	1249.959173	1903.392259	-1069.600515	652.781300	-186.735992	652.781300	1773.406264	994.724258	-186.735992	994.724258	1162.000825	777.993012	1.000000	93.694868	87.709799	286.208496	
9084	0.257676	0.255571	-0.931819	-0.407337	0.903232	0.135089	0.876173	0.344755	0.336845	404.719560	-316.073208	221.842219	2.928284	2.928555	4.672535	89.965314	89.935958	120.050652	180.237313	0.123841	0.122781	62.274311	0.978723	-1460.211342	1055.635654	347.873566	1055.635654	593.044648	237.198596	347.873566	237.198596	1097.515176	-886.163693	329.425710	532.495753	329.425710	1293.730410	119.569781	532.495753	119.569781	1123.353500	462.518696	1.000000	273.620580	88.112481	79.255185	
9087	0.265939	0.172084	-0.948512	-0.142560	0.980140	0.137852	0.953397	0.098558	0.285189	145.621515	-340.087941	211.323742	2.931411	2.927403	4.674977	89.954478	90.022734	120.021207	131.643728	0.118149	0.112535	67.420182	0.994565	-650.251632	213.180703	863.130457	213.180703	1331.968493	-964.577757	863.130457	-964.577757	1043.706569	-882.753671	398.962631	568.087347	398.962631	1234.901852	-728.740413	568.087347	-728.740413	777.456672	950.159318	1.000000	93.651284	82.345499	276.694524	
9244	0.247523	0.013006	0.968801	0.532437	0.833569	-0.147230	-0.809478	0.552265	0.199402	-0.105412	142.259994	-238.180557	2.927142	2.929953	4.672926	89.985472	89.954110	120.048618	169.671823	0.115797	0.116176	40.911329	0.819149	-1263.128472	181.849155	-910.500705	181.849155	1309.263209	-584.979604	-910.500705	-584.979604	376.892707	-1472.394028	318.502833	-411.359307	318.502833	1229.538705	-725.867212	-411.359307	-725.867212	1140.715529	550.066894	1.000000	0.000000	0.000000	0.000000	
9102	0.427374	0.136093	0.893778	-0.025585	0.990030	-0.138515	-0.903718	0.036331	0.426595	83.215778	-138.728825	-60.950771	2.926143	2.929901	4.678843	89.988013	89.983406	120.029633	137.825239	0.113645	0.116404	40.221055	0.816667	21.363623	-0.475691	-460.248861	-0.475691	538.559571	834.150587	-460.248861	834.150587	960.019701	-31.457725	107.338135	-520.547178	107.338135	1037.118696	804.774697	-520.547178	804.774697	762.119656	472.471842	1.000000	0.000000	0.000000	0.000000	
9257	0.368187	0.100990	0.924256	0.103345	0.983478	-0.148632	-0.923996	0.150242	0.351667	375.808216	-218.581612	-148.214350	2.930381	2.928014	4.680997	89.994067	89.948884	119.992226	155.200429	0.109030	0.095794	56.618932	0.946809	414.350332	-432.475129	-616.504480	-432.475129	1564.771105	380.270513	-616.504480	380.270513	1181.572552	-607.309065	342.154618	-404.938778	342.154618	1117.576340	111.019719	-404.938778	111.019719	1096.843002	341.426940	1.000000	0.000000	0.000000	0.000000	
9119	0.309965	0.061871	-0.948733	0.062735	0.994375	0.085344	0.948676	-0.085973	0.304340	456.981629	-232.221141	-202.424804	2.929485	2.924913	4.679583	90.078798	89.943941	119.989787	141.535229	0.153233	0.142301	49.018236	0.853261	44.544946	563.720939	290.456986	563.720939	-184.699018	-427.766068	290.456986	-427.766068	1656.641097	-736.989389	325.375215	308.512505	325.375215	589.988465	122.585106	308.512505	122.585106	1583.256512	1049.176997	1.000000	0.000000	0.000000	0.000000	
9258	0.073954	0.158488	-0.984595	0.058956	0.984869	0.162962	0.995525	-0.070100	0.063491	-307.256751	444.514217	-221.023190	2.927828	2.930592	4.675512	89.970763	89.959829	119.910160	226.571134	0.122049	0.125744	63.244038	0.988889	-1064.157608	-25.131879	12.380958	-25.131879	2823.412479	-638.526093	12.380958	-638.526093	1064.431132	-690.458742	471.364984	-313.660578	471.364984	1018.572153	89.177754	-313.660578	89.177754	979.041289	1029.590995	1.000000	0.000000	0.000000	0.000000	
9276	0.468253	-0.103872	-0.877468	0.476046	0.866274	0.151491	0.744392	-0.488651	0.455083	-384.137127	80.583889	-52.228029	2.929483	2.928839	4.670461	90.043391	89.978156	120.030323	170.490095	0.119637	0.119014	54.226995	0.934783	-1324.628249	602.871190	1263.243312	602.871190	845.707672	-517.699632	1263.243312	-517.699632	979.545659	-207.073264	192.385912	802.634959	192.385912	860.923656	-454.726984	802.634959	-454.726984	925.668262	435.045721	1.000000	0.000000	0.000000	0.000000	
9134	0.117768	0.057836	0.991363	0.333572	0.937992	-0.094352	-0.935347	0.341800	0.091172	-290.166563	-110.017000	231.277728	2.930949	2.927907	4.680660	90.010930	89.994456	120.053756	312.285583	0.131284	0.163355	40.803717	0.840426	182.402205	86.992184	-221.756100	86.992184	426.189196	136.634731	-221.756100	136.634731	2017.123115	-1028.298006	262.684389	387.481676	262.684389	1841.513905	624.792385	387.481676	624.792385	835.019481	905.997786	1.000000	93.310866	86.723457	256.501591	
9141	0.151156	0.141556	0.978322	0.191975	0.966647	-0.169528	-0.969689	0.213439	0.118939	-326.162752	210.422478	-136.282936	2.928195	2.930514	4.677663	89.968757	90.123311	120.036663	123.536577	0.111375	0.096501	66.724873	0.989362	-673.180913	421.506936	975.430279	421.506936	1720.969726	164.483586	975.430279	164.483586	1057.656422	-897.665304	681.109960	501.416896	681.109960	1615.689290	-3.319026	501.416896	-3.319026	639.831224	258.124389	1.000000	93.100426	69.405764	261.298765	
9280	0.201574	0.073396	0.976726	0.565495	0.805485	-0.177238	-0.799748	0.588057	0.120859	-131.853453	-101.098920	-68.060410	2.927420	2.930331	4.678861	90.020053	89.889429	120.036666	238.235649	0.123971	0.152588	38.983236	0.813830	-3.599695	105.746058	-1163.863506	105.746058	1591.889736	-348.515396	-1163.863506	-348.515396	446.259294	-441.965289	376.700034	-564.337636	376.700034	1336.610821	-499.070591	-564.337636	-499.070591	939.629827	828.064513	1.000000	93.217310	77.278817	248.894854	
9153	0.354917	-0.037910	0.934129	0.540172	0.823832	-0.171801	-0.763052	0.565565	0.312870	-325.810656	-190.197607	-205.199677	2.928106	2.928027	4.676531	90.030410	90.099512	120.064395	183.389859	0.120822	0.119751	47.928244	0.840426	-1326.904257	-709.648511	78.435736	-709.648511	581.834505	147.885948	78.435736	147.885948	1447.827803	-851.085723	358.783201	-119.604630	358.783201	1745.695433	211.897784	-119.604630	211.897784	813.508037	612.398354	1.000000	0.000000	0.000000	0.000000	
9156	0.075478	0.193531	-0.978194	-0.184879	0.966693	0.176990	0.979866	0.167486	0.108743	-223.780340	126.807426	181.756869	2.930522	2.925135	4.674093	89.881795	90.029608	119.955286	205.047728	0.131149	0.132899	44.969798	0.856383	-770.485450	1035.477898	845.295247	1035.477898	1685.720297	-1085.928162	845.295247	-1085.928162	205.463009	-783.560158	692.340170	305.188935	692.340170	1805.539688	-552.441533	305.188935	-552.441533	647.432102	1020.349611	1.000000	93.217310	77.278817	248.894853	
9309	0.521560	-0.104844	-0.846749	0.437468	0.884904	0.159893	0.732528	-0.453819	0.507396	-329.715818	204.186246	77.542244	2.930829	2.928077	4.670598	90.024042	90.018774	120.051211	151.415458	0.119347	0.119514	68.451115	0.989130	-711.555460	462.065246	1743.355990	462.065246	394.805681	-620.629017	1743.355990	-620.629017	835.116782	15.538074	148.259035	1166.070493	148.259035	389.101920	-332.958328	1166.070493	-332.958328	988.046471	260.734966	1.000000	0.000000	0.000000	0.000000	
9161	0.203075	0.072739	0.976458	0.565322	0.805530	-0.177576	-0.799482	0.588074	0.122462	-135.981258	-89.932732	-63.313758	2.928488	2.927069	4.678941	90.046004	89.974571	119.984440	234.317898	0.142578	0.162383	39.062291	0.813830	-203.853594	-63.370426	-469.006744	-63.370426	989.152564	-261.241513	-469.006744	-261.241513	1044.695752	-317.527992	243.447308	-611.738474	243.447308	1396.934095	-423.656185	-611.738474	-423.656185	909.935198	511.192905	1.000000	273.118079	86.931510	71.255585	
9290	0.128353	0.190551	0.973257	-0.088581	0.979648	-0.180121	-0.987772	-0.063091	0.142620	-372.013712	65.322785	163.841151	2.930067	2.925534	4.671610	89.872461	90.044263	120.002017	228.979138	0.125671	0.126176	56.702883	0.893617	-2178.243540	-194.241104	634.998069	-194.241104	1222.078205	682.383564	634.998069	682.383564	1055.277262	-909.354894	2.296260	337.463961	2.296260	1050.147305	604.564763	337.463961	604.564763	863.415053	1259.434837	1.000000	0.000000	0.000000	0.000000	
9173	0.245241	0.227050	-0.942506	-0.197551	0.963494	0.180704	0.949127	0.141874	0.281141	-330.016336	-391.056651	-178.243179	2.928431	2.927797	4.678559	89.952676	90.048643	120.208842	415.246912	0.121755	0.182615	39.264600	0.845745	-49.244206	-654.049849	874.538663	-654.049849	-1791.448053	-859.158964	874.538663	-859.158964	1547.903749	-1103.235032	227.114058	547.369436	227.114058	1081.686705	-326.671273	547.369436	-326.671273	932.394557	648.327036	1.000000	0.000000	0.000000	0.000000	
9175	0.145588	0.177601	-0.973281	0.030394	0.982488	0.183830	0.988885	-0.056346	0.137640	168.765002	-199.455703	-41.607627	2.927655	2.931022	4.678687	90.051755	89.891659	120.102502	239.494886	0.113401	0.133999	55.564643	0.973404	-249.265247	599.694509	-362.757172	599.694509	-203.491302	791.674486	-362.757172	791.674486	2101.609387	-84.113851	235.868205	92.959903	235.868205	714.565334	358.041047	92.959903	358.041047	1754.275924	664.064724	1.000000	0.000000	0.000000	0.000000	
9297	0.041150	0.189149	-0.981094	-0.094558	0.978248	0.184635	0.994676	0.085170	0.058140	198.102658	-95.987138	-147.003484	2.927648	2.928002	4.673168	90.028733	90.000500	119.984435	158.064011	0.115852	0.116730	46.877323	0.838889	-1278.561486	732.132844	5.480136	732.132844	1023.251584	-59.634311	5.480136	-59.634311	883.623725	-1143.972098	792.927542	-79.283322	792.927542	507.580092	-188.223005	-79.283322	-188.223005	1414.991787	499.132181	1.000000	273.098153	87.204889	91.343675	
9302	0.098286	0.161969	0.981896	0.490277	0.850737	-0.189414	-0.866016	0.500015	0.004205	-414.791240	488.078227	87.481896	2.928477	2.929850	4.673598	89.980192	89.967938	119.909477	217.467333	0.128090	0.137589	36.209290	0.815217	-1359.868876	393.891226	-161.868244	393.891226	2565.355976	696.643599	-161.868244	696.643599	1185.005503	-870.734144	500.795114	-211.886423	500.795114	1157.599626	146.469037	-211.886423	146.469037	1140.972158	1218.149159	1.000000	93.087847	78.136614	244.287348	
9179	0.251523	0.230204	-0.940082	-0.197309	0.963100	0.183050	0.947532	0.139443	0.287663	-301.390995	-394.342949	-127.517415	2.928316	2.925710	4.672936	90.043931	90.065630	120.028479	384.196964	0.127081	0.185534	37.248686	0.845745	-1689.619505	-677.467398	512.171281	-677.467398	759.473503	-378.986698	512.171281	-378.986698	508.071187	-984.565127	249.778044	601.625131	249.778044	1308.006040	-192.775845	601.625131	-192.775845	689.179311	735.661227	1.000000	272.870127	75.895375	67.678574	
9183	0.141258	0.180595	-0.973368	0.037379	0.981546	0.187539	0.989274	-0.062876	0.131901	65.472326	-217.115329	207.345712	2.932156	2.928249	4.675258	89.994519	89.990481	119.980706	471.670157	0.182798	0.238327	41.423212	0.877660	-857.753558	569.444756	180.146385	569.444756	1857.303669	-849.284276	180.146385	-849.284276	1739.257518	-650.914054	679.215431	86.348318	679.215431	956.842577	2.186548	86.348318	2.186548	1917.316613	934.626933	1.000000	0.000000	0.000000	0.000000	
9195	0.042803	0.115423	0.992401	0.434564	0.892269	-0.122525	-0.899632	0.436504	-0.011967	435.664083	155.988131	174.656015	2.928015	2.926356	4.684907	90.008859	90.022880	119.966040	205.345077	0.115565	0.126967	52.365926	0.896739	1104.665965	195.572410	239.676343	195.572410	821.358374	442.948760	239.676343	442.948760	959.182476	-503.895410	379.143230	13.973111	379.143230	1371.563251	670.474697	13.973111	670.474697	951.197867	665.800426	1.000000	0.000000	0.000000	0.000000	
9325	0.147435	0.168278	-0.974651	0.220067	0.955138	0.198198	0.964279	-0.243710	0.103788	8.660510	-385.166338	246.558741	2.929070	2.929017	4.674646	90.022238	89.992377	120.033264	199.585481	0.136031	0.130753	39.791964	0.824468	-965.793133	604.351894	155.153278	604.351894	1058.129558	-393.252113	155.153278	-393.252113	1192.476223	-923.627323	626.526659	181.670825	626.526659	1892.914342	136.368597	181.670825	136.368597	309.759078	959.792013	1.000000	0.000000	0.000000	0.000000	
9201	0.060387	0.209928	-0.975858	-0.148036	0.968707	0.199230	0.987144	0.132429	0.089574	411.087605	-362.654663	-218.112875	2.929114	2.927450	4.684230	90.030621	89.995034	120.013751	310.046768	0.138751	0.155295	33.122853	0.803191	784.104089	-183.934025	-249.956379	-183.934025	1089.478412	-290.185349	-249.956379	-290.185349	1135.213203	-858.130994	885.273403	291.039553	885.273403	1464.805681	-787.426729	291.039553	-787.426729	958.038200	1427.403614	1.000000	0.000000	0.000000	0.000000	
9207	0.389564	-0.049811	-0.919651	0.383733	0.916516	0.112908	0.837251	-0.396885	0.376156	-49.867655	-65.392987	-157.297701	2.928010	2.926428	4.675586	90.089893	89.867413	120.016091	188.606640	0.162634	0.131324	37.254376	0.803191	-1359.324785	498.021249	-146.970906	498.021249	230.811515	-145.026725	-146.970906	-145.026725	1537.258413	-1025.465697	767.388720	325.962637	767.388720	-89.362885	-742.720336	325.962637	-742.720336	1426.831678	1914.729609	1.000000	0.000000	0.000000	0.000000	
9342	0.174192	0.220615	-0.959687	-0.126452	0.971523	0.200384	0.976566	0.086446	0.197128	336.383260	-141.930072	-164.098096	2.927284	2.929983	4.676436	89.950314	89.988126	120.056238	149.486409	0.105086	0.106189	62.346852	1.000000	-841.036056	-386.380587	439.331755	-386.380587	712.777117	-605.621573	439.331755	-605.621573	1283.087564	-996.854949	107.953382	404.682177	107.953382	732.392748	-771.315933	404.682177	-771.315933	912.783086	586.305325	1.000000	272.649426	64.848422	99.427687	
9354	0.344194	0.084066	-0.935127	0.318581	0.926438	0.200546	0.883196	-0.366941	0.292093	-83.132384	217.717232	132.065776	2.927377	2.928286	4.676493	90.029873	89.990437	120.062179	204.653083	0.134183	0.128972	34.239947	0.819149	-575.619610	325.725607	193.239599	325.725607	581.183469	-757.591843	193.239599	-757.591843	553.406648	-633.933458	299.681337	-419.148456	299.681337	600.224779	-674.671099	-419.148456	-674.671099	1203.870393	869.947152	1.000000	0.000000	0.000000	0.000000	
9225	0.469789	0.265172	0.842016	-0.210712	0.959933	-0.184744	-0.857267	-0.090630	0.506840	185.132813	223.147096	-78.085534	2.927467	2.928278	4.679018	90.015615	89.975380	120.032014	114.635088	0.106694	0.100448	42.195725	0.844444	294.216301	-11.108378	-612.324790	-11.108378	555.012698	361.799014	-612.324790	361.799014	581.962967	135.844311	268.182638	-764.653173	268.182638	774.661239	350.019141	-764.653173	350.019141	628.285341	399.831499	1.000000	0.000000	0.000000	0.000000	
9226	0.404292	0.058308	0.912775	0.130392	0.984098	-0.120620	-0.905293	0.167784	0.390260	-167.105425	366.774345	-191.710779	2.925349	2.932700	4.681898	89.833132	90.106379	120.084858	273.641977	0.196892	0.176607	36.636850	0.803191	-373.698806	72.858317	337.086533	72.858317	667.368102	-1890.708452	337.086533	-1890.708452	2003.047504	-102.671222	573.650891	-535.513786	573.650891	605.644081	-741.050965	-535.513786	-741.050965	895.457413	1104.680812	1.000000	272.619252	83.801529	95.354055	
9353	0.299578	0.112315	0.947444	0.293433	0.934066	-0.203515	-0.907833	0.338979	0.246869	-85.586902	103.896326	60.981654	2.930607	2.928681	4.676173	90.061677	90.004348	119.933293	121.176382	0.118098	0.102340	47.517584	0.851064	-327.609973	981.305403	-458.386183	981.305403	1877.390272	982.266022	-458.386183	982.266022	1479.945803	-552.970316	1064.308501	-43.936709	1064.308501	1716.580409	800.307383	-43.936709	800.307383	1584.545128	299.654329	1.000000	0.000000	0.000000	0.000000	
9362	0.369350	0.156191	-0.916076	0.098013	0.973728	0.205540	0.924113	-0.165704	0.344338	-406.483330	294.819373	221.345046	2.929165	2.928465	4.676568	89.997147	90.046058	120.013852	146.810936	0.129704	0.123664	60.314237	0.984043	-110.336747	734.055996	783.332606	734.055996	884.918931	-151.073580	783.332606	-151.073580	960.168483	-309.219285	664.633961	453.041068	664.633961	990.647122	34.967662	453.041068	34.967662	1208.780311	871.931667	1.000000	272.542695	80.074734	100.726126	
9236	0.156129	0.212039	0.964716	0.012037	0.976205	-0.216515	-0.987670	0.045418	0.149862	-310.125977	254.518420	-181.857344	2.931169	2.926708	4.685970	89.893848	90.188920	120.090017	241.874184	0.143407	0.134956	44.247223	0.820652	542.980673	-747.535461	1058.763237	-747.535461	377.239061	-1329.412989	1058.763237	-1329.412989	2132.703011	-603.341956	415.169795	238.269242	415.169795	915.835543	-699.776068	238.269242	-699.776068	1005.167157	783.020413	1.000000	92.315178	72.231376	265.514573	
9241	0.503409	0.239356	0.830239	-0.143656	0.970677	-0.192740	-0.852027	-0.022240	0.523032	-23.568300	-104.324199	243.296891	2.930862	2.928731	4.676446	89.963859	89.993978	120.071223	130.507661	0.116374	0.112873	56.989517	0.988889	136.040125	610.918445	-1173.827991	610.918445	277.788664	137.994571	-1173.827991	137.994571	1386.527001	-32.242966	537.460705	-831.884587	537.460705	428.758890	70.494745	-831.884587	70.494745	1048.973349	404.380265	1.000000	276.460367	89.539285	84.320828	
9364	0.046615	0.226007	0.973018	-0.087419	0.971255	-0.221410	-0.995088	-0.074737	0.065032	-245.851029	353.679647	-50.807957	2.931617	2.925834	4.676415	90.025982	89.904789	120.001590	253.695179	0.140376	0.146464	36.282598	0.872222	-893.621763	-195.841866	-423.767418	-195.841866	1628.431925	1209.854723	-423.767418	1209.854723	1029.275973	-1073.390102	451.604315	33.468376	451.604315	923.117864	816.965676	33.468376	816.965676	1240.378321	956.970563	1.000000	272.157949	82.211710	77.423516	
9243	0.158437	0.227618	0.960781	-0.075291	0.973018	-0.218102	-0.984501	-0.037780	0.171299	-411.772429	232.015696	146.940204	2.929135	2.927988	4.672319	89.859587	90.039305	120.090168	201.869965	0.127614	0.131117	66.194357	1.000000	-1354.073049	1200.665518	253.517108	1200.665518	-647.878809	-54.925954	253.517108	-54.925954	1881.783550	-1037.321993	607.708442	-152.626585	607.708442	693.836879	255.620153	-152.626585	255.620153	1761.473935	773.765141	1.000000	271.882250	71.092320	105.765708	
9370	0.135981	0.200704	-0.970176	0.173033	0.959401	0.222731	0.975491	-0.198160	0.095732	-81.099035	-160.506696	-124.654901	2.925845	2.925120	4.676658	90.047184	89.951971	119.909387	261.238088	0.139290	0.147675	41.169988	0.803191	-737.455283	393.765320	-455.733663	393.765320	1455.659504	-115.441717	-455.733663	-115.441717	-190.502477	-474.506383	312.296906	29.010964	312.296906	1387.257920	575.428683	29.010964	575.428683	19.562812	667.115378	1.000000	276.360229	78.614376	87.240574	
9375	0.085622	0.211726	-0.973571	0.412132	0.882114	0.228082	0.907092	-0.420769	-0.011731	-452.628775	-184.772790	-106.431390	2.929012	2.927365	4.673751	89.941326	89.980466	120.027470	203.147858	0.126448	0.131185	35.491528	0.804348	-1529.391258	-183.088518	-292.372769	-183.088518	751.005058	-94.945341	-292.372769	-94.945341	1345.115992	-674.853812	644.342720	-34.881304	644.342720	1261.797555	-175.771356	-34.881304	-175.771356	1191.657937	808.318814	1.000000	92.191920	80.349760	294.578530	
9256	0.154074	0.135607	0.978716	0.191717	0.967609	-0.164251	-0.969288	0.212943	0.123085	-196.293912	167.806657	-110.679942	2.923311	2.927671	4.681127	89.906617	90.296870	119.954181	525.286737	0.306347	0.314540	59.269083	0.803191	158.884930	1544.039701	2205.405660	1544.039701	685.106810	-804.427164	2205.405660	-804.427164	179.745878	-1036.028468	515.578433	95.103070	515.578433	1541.765309	-386.513729	95.103070	-386.513729	241.754118	1950.599124	1.000000	272.084363	84.338971	82.095684	
9405	0.331825	0.325696	-0.885339	-0.311800	0.923628	0.222919	0.890328	0.202075	0.408034	361.583630	150.676489	239.288144	2.929057	2.926496	4.677601	89.988716	89.899243	119.950434	280.237370	0.133190	0.158818	39.795697	0.803191	-865.607312	71.428805	343.622110	71.428805	1540.276902	904.552736	343.622110	904.552736	1208.734320	-462.025494	63.054322	196.696313	63.054322	1301.349549	434.748612	196.696313	434.748612	818.911957	1089.329242	1.000000	276.213250	78.364791	87.312586	
9264	0.363183	0.019310	0.931518	0.552562	0.800523	-0.232029	-0.750182	0.598991	0.280067	-44.107392	219.371184	59.069707	2.929891	2.926233	4.673849	89.902337	90.068102	119.964889	142.713306	0.110651	0.114987	56.453300	0.946809	-975.196027	1229.023768	-304.160732	1229.023768	502.856848	-530.113594	-304.160732	-530.113594	1604.284634	-909.014264	1112.304535	-510.254198	1112.304535	1143.052603	-578.986820	-510.254198	-578.986820	1319.953225	387.613885	1.000000	0.000000	0.000000	0.000000	
9265	0.088110	0.247521	0.964875	-0.093457	0.966417	-0.239384	-0.991724	-0.069080	0.108283	-38.027921	-230.606820	241.300609	2.929417	2.929467	4.675690	89.936972	90.037090	120.087619	292.431833	0.122882	0.159814	35.938659	0.856383	-808.465544	495.939044	201.357078	495.939044	17.592609	115.030271	201.357078	115.030271	2021.151376	-1056.092859	946.951058	324.537437	946.951058	849.372480	22.359831	324.537437	22.359831	1787.843757	1114.383443	1.000000	0.000000	0.000000	0.000000	
9398	0.061929	0.234229	-0.970207	0.284082	0.927730	0.242107	0.956798	-0.290611	-0.009087	-171.313490	-390.608083	156.243702	2.928656	2.930713	4.676991	89.981770	90.038868	120.059293	156.472029	0.124802	0.112572	80.783234	1.000000	-541.150992	491.659218	158.444611	491.659218	1560.215945	-682.975725	158.444611	-682.975725	942.034690	-835.870733	668.787496	176.741208	668.787496	1841.180393	27.453596	176.741208	27.453596	640.545599	436.562130	1.000000	0.000000	0.000000	0.000000	
9267	0.507076	0.216745	0.834208	-0.064529	0.974695	-0.214024	-0.859487	0.054697	0.508231	333.259859	500.326389	-103.415434	2.924900	2.932849	4.677430	90.073207	90.006445	120.181130	200.400445	0.111893	0.105323	42.418926	0.850000	-186.118128	-1618.117201	-1237.725609	-1618.117201	-863.868322	1144.180065	-1237.725609	1144.180065	1318.818295	25.747616	-313.884661	-950.452083	-313.884661	757.740255	787.582214	-950.452083	787.582214	1394.088285	743.920641	1.000000	0.000000	0.000000	0.000000	
9410	0.303572	0.238160	-0.922570	-0.046393	0.970804	0.235348	0.951684	-0.028646	0.305757	-9.216579	-169.025358	-180.749583	2.929766	2.928778	4.677485	90.064971	89.929761	120.102159	141.155420	0.109933	0.108636	40.357240	0.804348	-654.719539	162.913376	233.776713	162.913376	-118.684416	212.603419	233.776713	212.603419	2123.492120	-650.080416	275.232100	184.802557	275.232100	429.210280	76.452540	184.802557	76.452540	1429.132025	359.072435	1.000000	0.000000	0.000000	0.000000	
9403	0.089638	0.252921	0.963333	-0.114077	0.963461	-0.242341	-0.989427	-0.088168	0.115215	-85.221173	-256.550702	167.441239	2.928169	2.927103	4.677602	89.951051	90.057014	119.954280	295.097770	0.128814	0.167170	40.231340	0.813830	-435.548882	620.338859	402.301178	620.338859	1440.844433	41.001987	402.301178	41.001987	745.081047	-588.103994	572.862468	538.196194	572.862468	954.527594	26.381241	538.196194	26.381241	804.000227	898.399222	1.000000	0.000000	0.000000	0.000000	
9412	0.312265	0.048506	0.948762	0.620926	0.745425	-0.242481	-0.718994	0.664826	0.202650	57.146331	-261.799832	64.779116	2.928075	2.928227	4.672980	90.084595	89.965441	120.040825	140.422305	0.113825	0.108958	60.640971	0.984043	-826.771667	1230.620486	-648.300298	1230.620486	349.628325	-98.943747	-648.300298	-98.943747	718.650557	-897.627743	853.701040	-451.463235	853.701040	1405.564040	33.222011	-451.463235	33.222011	643.954990	554.784203	1.000000	0.000000	0.000000	0.000000	
9275	0.242364	0.118285	-0.962954	0.604709	0.757739	0.245281	0.758682	-0.641751	0.112120	347.296751	390.086441	-99.766193	2.927363	2.932079	4.676426	89.937455	90.006270	119.993252	191.197386	0.122885	0.122743	43.517916	0.840426	-263.670334	1329.855006	115.106421	1329.855006	2083.573745	-9.219939	115.106421	-9.219939	711.733128	-1068.623493	790.794462	197.875465	790.794462	1537.928804	184.550239	197.875465	184.550239	882.989178	1556.189715	1.000000	0.000000	0.000000	0.000000	
9413	0.082248	0.257131	0.962878	-0.106958	0.962841	-0.247986	-0.990863	-0.082589	0.106693	-112.157376	-201.947268	188.434824	2.929119	2.928039	4.675994	89.996548	90.021349	119.992270	352.079914	0.126843	0.189078	38.002579	0.829787	-648.302265	665.303913	-47.058207	665.303913	1166.285173	233.036387	-47.058207	233.036387	1151.223932	-756.010452	504.044993	468.448285	504.044993	793.310346	231.436847	468.448285	231.436847	1171.123779	900.763639	1.000000	0.000000	0.000000	0.000000	
9283	0.201789	0.072313	0.976762	0.566782	0.804704	-0.176672	-0.798781	0.589259	0.121394	-138.494342	-101.836360	-67.599113	2.926487	2.929866	4.677574	90.010927	89.920869	119.944454	281.283302	0.133905	0.168839	38.149519	0.813830	-337.412457	204.202859	-759.472947	204.202859	2176.581461	452.289279	-759.472947	452.289279	372.927223	-320.258207	200.325020	-548.647151	200.325020	1449.013301	-424.399209	-548.647151	-424.399209	824.747836	571.328170	1.000000	0.000000	0.000000	0.000000	
9285	0.109021	0.296679	0.948741	-0.295722	0.920891	-0.253988	-0.949040	-0.252870	0.188130	284.352597	205.804041	5.918200	2.928452	2.927023	4.675210	90.040430	89.928202	119.962628	254.686928	0.132118	0.148262	100.677230	0.867021	-490.551632	680.670340	-1008.077604	680.670340	1075.587918	-146.113538	-1008.077604	-146.113538	639.057808	-452.490385	784.465418	-87.572054	784.465418	1348.593875	457.065468	-87.572054	457.065468	602.407518	751.083342	1.000000	0.000000	0.000000	0.000000	
9288	0.127712	0.188847	0.973674	-0.087833	0.980002	-0.178554	-0.987921	-0.062716	0.141745	-364.710005	72.393107	162.666298	2.930361	2.926243	4.672526	89.928648	90.010326	120.004503	231.769084	0.140849	0.136813	56.510780	0.893617	-1794.975263	-73.039623	186.856632	-73.039623	1289.637720	710.460501	186.856632	710.460501	1119.795138	-717.126684	-64.990231	370.209772	-64.990231	1025.484411	603.123987	370.209772	603.123987	826.603978	1361.340420	1.000000	0.000000	0.000000	0.000000	
9434	0.578851	0.056665	0.813466	0.214832	0.951742	-0.219171	-0.786629	0.301625	0.538743	229.937283	-73.989615	208.122227	2.930166	2.927925	4.680634	90.117344	90.000947	120.100673	158.082110	0.121153	0.119744	55.753327	0.962766	1341.420897	769.099857	-768.679232	769.099857	-704.212014	556.698993	-768.679232	556.698993	1243.927283	813.260915	201.865874	-769.125998	201.865874	-92.374726	256.217408	-769.125998	256.217408	1161.516524	471.865120	1.000000	0.000000	0.000000	0.000000	
9294	0.106699	0.235400	0.966024	0.294893	0.920363	-0.256845	-0.949554	0.312279	0.028784	-154.175568	410.908669	25.507866	2.926703	2.931556	4.676530	90.095467	89.897762	119.980161	149.746884	0.110817	0.107583	93.082371	1.000000	-792.692206	252.711950	-818.582189	252.711950	2582.590583	103.114735	-818.582189	103.114735	490.187803	-1115.808111	852.424819	-672.883147	852.424819	1851.416441	40.326294	-672.883147	40.326294	558.080608	319.634052	1.000000	0.000000	0.000000	0.000000	
9298	0.365023	0.007903	0.930965	0.619000	0.744865	-0.249028	-0.695412	0.667168	0.267001	284.947352	447.631783	216.286053	2.928275	2.928645	4.676261	89.908962	90.032639	119.910426	222.267157	0.103446	0.117847	72.359129	0.978723	-318.175597	1489.306891	-86.089594	1489.306891	1836.062288	-214.713366	-86.089594	-214.713366	949.992550	-1247.071943	844.209827	-216.354338	844.209827	1847.584389	268.080459	-216.354338	268.080459	1082.924639	896.762464	1.000000	91.293615	84.301324	292.445358	
9300	0.145477	0.176028	-0.973583	0.032340	0.982673	0.182506	0.988840	-0.058037	0.137264	162.741673	-202.564053	-47.537677	2.931218	2.927657	4.678577	90.080383	89.920561	120.045308	231.022140	0.132672	0.146244	55.337683	0.973404	-415.397680	313.217722	-361.416528	313.217722	845.295888	830.403927	-361.416528	830.403927	1841.111878	-336.431051	312.774156	69.122159	312.774156	748.370474	345.517053	69.122159	345.517053	1804.232833	730.989331	1.000000	0.000000	0.000000	0.000000	
9301	0.313849	0.054146	0.947928	0.648792	0.716702	-0.255747	-0.693230	0.695274	0.189807	291.639051	215.769334	10.909335	2.927318	2.929244	4.676767	89.957769	90.003032	119.950657	74.582570	0.104601	0.087631	107.743919	1.000000	-321.805784	991.050245	-100.031014	991.050245	1624.470749	187.451383	-100.031014	187.451383	746.775315	-409.144795	942.738129	-314.372998	942.738129	1508.445747	144.282145	-314.372998	144.282145	773.959475	354.152970	1.000000	0.000000	0.000000	0.000000	
9305	0.348976	0.262748	0.899550	-0.091195	0.964857	-0.246446	-0.932690	0.003971	0.360672	460.891631	416.316964	-126.631692	2.929201	2.929564	4.676615	90.058231	90.014608	120.126527	136.183478	0.117543	0.097111	49.476932	0.850000	-530.227381	-584.890303	-1132.005398	-584.890303	-90.688982	132.324272	-1132.005398	132.324272	1614.084711	-657.617640	51.656945	-470.518423	51.656945	1024.775634	484.991257	-470.518423	484.991257	1392.108183	259.149728	1.000000	0.000000	0.000000	0.000000	
9466	0.695467	-0.032028	0.717847	0.255655	0.944667	-0.205539	-0.671544	0.326466	0.665173	-399.232803	-62.822868	90.035588	2.933424	2.925451	4.678431	90.094144	89.849828	120.039951	151.997270	0.128683	0.109034	41.497193	0.813830	1982.147263	-980.548001	-1490.692539	-980.548001	212.960594	1001.966459	-1490.692539	1001.966459	96.416234	1240.348140	-305.254333	-865.149754	-305.254333	405.775321	952.433761	-865.149754	952.433761	235.537628	578.002501	1.000000	0.000000	0.000000	0.000000	
9316	0.277800	0.303452	0.911458	-0.200456	0.946223	-0.253930	-0.939498	-0.112163	0.323689	79.949968	194.203529	131.065765	2.925444	2.930670	4.675457	89.985787	90.049303	120.049861	100.828124	0.103000	0.088967	39.462164	0.824468	-1184.990199	-131.706297	-61.584726	-131.706297	756.075838	1029.113641	-61.584726	1029.113641	1045.399407	-1351.629307	141.432103	197.984809	141.432103	991.126953	1040.101393	197.984809	1040.101393	1338.111736	568.721853	1.000000	0.000000	0.000000	0.000000	
9323	0.417601	0.109551	-0.902007	0.304332	0.918504	0.252454	0.856154	-0.379934	0.350229	-152.253513	-103.226077	32.524979	2.928166	2.928106	4.678096	89.954536	89.981346	120.037364	271.247583	0.116707	0.149267	34.134355	0.803191	106.293273	770.238316	430.071203	770.238316	230.469794	-62.201167	430.071203	-62.201167	1022.638037	-309.192139	996.521973	-161.459069	996.521973	850.147709	-495.787738	-161.459069	-495.787738	989.810893	918.136279	1.000000	0.000000	0.000000	0.000000	
9447	0.006100	0.282767	-0.959178	-0.230453	0.933767	0.273810	0.973072	0.219371	0.070860	83.326592	295.433944	243.446799	2.925877	2.927330	4.677108	90.043202	89.847350	119.896326	215.992625	0.112057	0.127616	56.990476	0.925532	-930.220024	175.682821	-1009.609711	175.682821	2285.789626	534.789722	-1009.609711	534.789722	162.591730	-643.431671	872.243228	-391.664468	872.243228	1865.401180	532.460067	-391.664468	532.460067	547.294335	1059.980774	1.000000	270.727225	57.646417	59.899383	
9453	0.403156	0.122599	-0.906882	0.314680	0.911983	0.263180	0.859326	-0.391480	0.329092	-395.546826	-344.522985	-173.165632	2.928950	2.926779	4.672076	89.894025	89.990516	120.053938	213.835146	0.118100	0.129495	50.851150	0.877660	-1986.799170	-553.301326	749.583165	-553.301326	621.436830	-208.955458	749.583165	-208.955458	1083.801479	-720.677925	178.574388	971.543588	178.574388	652.425721	-226.189661	971.543588	-226.189661	997.463772	619.933988	1.000000	270.959413	79.950334	60.586655	
9458	0.336686	0.102059	0.936075	0.500260	0.822820	-0.269649	-0.797743	0.559066	0.225975	285.640384	-342.214205	-225.890568	2.928587	2.928127	4.671143	90.087574	90.131250	120.132013	203.344036	0.110710	0.109431	51.378237	0.904255	-1241.442514	2018.503771	246.900045	2018.503771	-1127.143364	-974.674817	246.900045	-974.674817	1429.563699	-676.177852	938.704697	-68.396749	938.704697	591.556543	-249.216354	-68.396749	-249.216354	1165.268413	734.489303	1.000000	271.001123	80.362354	70.675821	
9455	0.005554	0.283046	-0.959098	-0.230508	0.933639	0.274198	0.973063	0.219553	0.070429	84.011478	273.488380	221.842246	2.925064	2.926879	4.677058	90.037827	89.908041	119.841783	354.845047	0.145570	0.180222	53.573729	0.925532	-624.672269	666.157990	-590.973971	666.157990	2614.561758	564.220248	-590.973971	564.220248	-364.775836	-851.405537	719.916741	-214.348072	719.916741	1734.837687	451.887075	-214.348072	451.887075	648.193913	1679.783566	1.000000	91.113260	84.880294	286.873326	
9462	0.385880	0.209400	0.898475	0.090977	0.960515	-0.262935	-0.918058	0.183202	0.351593	-437.935943	-184.833277	-182.563455	2.926218	2.931618	4.674067	90.025535	89.980051	119.979043	283.110006	0.155043	0.156071	37.569562	0.808511	-417.155631	1126.543618	-1050.012992	1126.543618	1601.207077	-539.546837	-1050.012992	-539.546837	438.331510	-812.524291	743.819824	-667.631776	743.819824	664.830327	-471.611715	-667.631776	-471.611715	1277.737166	956.395267	1.000000	95.456944	69.094390	274.608456	
9473	0.353938	0.220194	0.908985	0.129818	0.950916	-0.280903	-0.926221	0.217425	0.307980	-455.269105	128.576927	13.244517	2.928211	2.929950	4.671326	89.928122	89.986483	119.949136	201.577023	0.149648	0.132077	43.109887	0.851064	-1718.727312	499.288088	-814.191907	499.288088	2334.080159	-83.087612	-814.191907	-83.087612	832.763969	-779.925339	735.147546	-309.135649	735.147546	1285.312053	-588.289276	-309.135649	-588.289276	1375.133254	396.553786	1.000000	90.951242	79.988234	291.628605	
9469	0.311303	0.190115	0.931106	0.303821	0.908451	-0.287072	-0.900441	0.372255	0.225042	120.323916	-409.054460	-25.757018	2.928652	2.924973	4.679431	90.031448	90.036398	120.076365	226.927750	0.126133	0.125618	61.155451	0.994681	81.898848	251.537814	-54.892535	251.537814	-1065.688977	112.498965	-54.892535	112.498965	1329.846346	-341.242546	287.911524	323.022886	287.911524	832.641851	566.920337	323.022886	566.920337	1093.472452	956.045674	1.000000	270.864061	71.482370	114.343603	
9377	0.551216	-0.061925	0.832062	0.497199	0.825221	-0.267963	-0.670041	0.561405	0.485664	-235.661580	-347.611940	67.447255	2.926448	2.925888	4.677365	90.021397	90.039716	120.120208	273.050640	0.125261	0.138958	36.182390	0.803191	-978.917322	-822.045836	-294.243971	-822.045836	-699.846055	495.262356	-294.243971	495.262356	699.511866	-445.050184	130.097707	-621.420997	130.097707	-79.994081	-115.475799	-621.420997	-115.475799	1118.237335	1708.907306	1.000000	0.000000	0.000000	0.000000	
9485	0.262551	0.225216	0.938273	0.293641	0.907612	-0.300028	-0.919159	0.354288	0.172162	88.542375	103.290737	-178.350240	2.926752	2.926857	4.673938	90.013963	90.042007	119.878013	124.105005	0.116182	0.097845	56.140768	0.941489	-875.901583	1229.701323	281.283948	1229.701323	1680.770204	819.899181	281.283948	819.899181	361.067097	-818.195384	1170.982090	376.906857	1170.982090	1199.209299	737.404196	376.906857	737.404196	974.714663	592.793364	1.000000	0.000000	0.000000	0.000000	
9381	0.234677	0.201855	0.950884	0.587217	0.750109	-0.304158	-0.774663	0.629754	0.057500	191.506804	109.401900	117.833022	2.927865	2.926871	4.673926	90.006210	89.947725	119.906620	111.000233	0.109528	0.102602	87.194808	1.000000	-773.083249	1154.408278	-736.548805	1154.408278	1381.863372	-558.467569	-736.548805	-558.467569	652.758811	-460.640467	1068.591226	-911.077023	1068.591226	1343.120364	-482.427643	-911.077023	-482.427643	542.961133	338.244947	1.000000	0.000000	0.000000	0.000000	
9494	0.213725	0.315270	-0.924629	-0.095001	0.948714	0.301525	0.972270	0.023395	0.232714	-351.663992	-53.082190	262.723714	2.928257	2.930915	4.680146	90.071140	89.897944	120.071363	170.060880	0.124981	0.114781	40.004263	0.853261	-410.190645	-70.554265	-494.878564	-70.554265	657.955667	-350.281332	-494.878564	-350.281332	2197.083352	-728.666559	107.840823	-25.062587	107.840823	856.939628	-537.863080	-25.062587	-537.863080	1623.050460	557.504926	1.000000	270.687623	83.739490	66.773722	
9392	0.345980	0.226307	-0.910546	0.169126	0.939535	0.297778	0.922879	-0.257022	0.286786	407.026239	-365.438627	-60.486745	2.926970	2.929928	4.677963	90.021175	89.984280	120.017643	154.634227	0.121530	0.109987	42.903828	0.877660	-207.963830	551.147512	411.866278	551.147512	1033.998193	490.696734	411.866278	490.696734	918.888295	-871.177727	1023.995367	615.089406	1023.995367	930.461151	315.549366	615.089406	315.549366	824.380970	858.580918	1.000000	270.712131	87.921794	110.307028	
9492	0.277458	0.173461	0.944955	0.569224	0.762661	-0.307140	-0.773959	0.623107	0.112867	268.632392	-41.189582	-185.820881	2.927797	2.928110	4.673571	90.028203	90.006100	119.977676	310.031590	0.121221	0.160019	39.572293	0.808511	-954.363485	988.193588	-86.884451	988.193588	818.900452	280.216220	-86.884451	280.216220	1005.974555	-648.628990	1407.568396	163.873665	1407.568396	850.516888	-316.502690	163.873665	-316.502690	782.052527	1023.000935	1.000000	90.429787	61.747468	257.894242	
9400	0.220956	0.239898	0.945319	0.421375	0.850656	-0.314367	-0.879557	0.467795	0.086871	-167.579941	160.504279	-51.813673	2.926104	2.929020	4.675370	90.037982	89.944571	119.969217	162.624631	0.110906	0.111051	41.930842	0.826087	-709.568876	678.178300	-572.427888	678.178300	1497.954770	151.470687	-572.427888	151.470687	283.591510	-512.504120	552.103408	83.890596	552.103408	829.390625	451.869344	83.890596	451.869344	558.097305	659.537786	1.000000	90.602203	75.715286	287.705919	
9508	0.247084	0.280964	0.927373	0.095911	0.945250	-0.311937	-0.964242	0.166021	0.206608	450.008115	-140.964207	-31.595584	2.929648	2.926456	4.677762	89.970400	90.012979	120.007251	205.619367	0.117286	0.124850	36.212158	0.824468	-533.004928	130.744134	-10.203823	130.744134	781.698009	552.170820	-10.203823	552.170820	1286.790781	-149.984498	638.345373	-343.381764	638.345373	727.378812	489.870419	-343.381764	489.870419	762.360129	1208.007132	1.000000	0.000000	0.000000	0.000000	
9518	0.464884	0.098169	-0.879913	0.390279	0.869345	0.303186	0.794711	-0.484358	0.365831	-408.356569	-316.338699	-229.192564	2.928908	2.925928	4.673701	89.935950	89.970420	120.133005	247.666185	0.117581	0.133264	52.682671	0.952128	-1778.834798	-796.759837	558.623560	-796.759837	-432.126690	-682.273291	558.623560	-682.273291	1172.489351	-384.102495	348.321768	658.562542	348.321768	614.560817	-248.409095	658.562542	-248.409095	960.369349	894.034446	1.000000	274.849846	85.698573	69.951429	
9418	0.021975	0.328018	0.944424	-0.082248	0.942036	-0.325277	-0.996377	-0.070526	0.047679	-193.038466	178.715228	17.769221	2.928711	2.927483	4.671674	89.993465	90.003240	119.946623	181.968734	0.113840	0.128352	38.883679	0.800000	-1366.222876	1147.002669	-175.231445	1147.002669	1415.741109	-271.430978	-175.231445	-271.430978	827.468243	-984.705950	893.547942	-95.193800	893.547942	1407.173785	-141.296468	-95.193800	-141.296468	807.304435	659.883939	1.000000	0.000000	0.000000	0.000000	
9527	0.545572	-0.066457	-0.835425	0.549544	0.780986	0.296752	0.632734	-0.621003	0.462605	-390.133859	-257.116759	-159.099871	2.929872	2.928334	4.676012	89.946593	90.008781	120.052060	162.086225	0.118461	0.112025	60.321938	0.984043	-319.424173	-109.937033	1178.757353	-109.937033	718.476851	-203.615243	1178.757353	-203.615243	1028.064931	42.454820	303.776525	624.235751	303.776525	807.321155	-472.421831	624.235751	-472.421831	700.091171	597.705534	1.000000	270.711961	84.228441	107.467586	
9521	0.059376	0.327132	0.943119	0.089785	0.939199	-0.331428	-0.994197	0.104358	0.026394	-44.122665	-130.876287	77.573924	2.928602	2.929201	4.675952	90.030517	90.009739	120.042293	196.834615	0.103100	0.117643	81.175452	1.000000	-456.222105	781.942669	-187.430162	781.942669	323.723408	-140.600722	-187.430162	-140.600722	1507.791113	-348.219739	1008.149585	-119.771179	1008.149585	1181.608971	-284.486062	-119.771179	-284.486062	1024.723146	544.860576	1.000000	0.000000	0.000000	0.000000	
9528	0.481611	0.193168	-0.854836	0.163934	0.938333	0.304399	0.860921	-0.286738	0.420245	-226.915175	-165.864255	-8.431269	2.928800	2.928521	4.677099	90.014788	90.017210	120.009573	138.957078	0.112904	0.114839	56.282347	0.973404	2.495992	698.888325	617.176530	698.888325	807.736392	-241.450224	617.176530	-241.450224	976.138207	-77.527484	641.551931	361.934004	641.551931	744.337102	-382.160453	361.934004	-382.160453	989.167548	798.069046	1.000000	270.749702	84.207005	107.458524	
9430	0.431501	0.018228	-0.901933	0.649037	0.688117	0.324424	0.626551	-0.725375	0.285091	98.813853	-265.224125	235.433975	2.933159	2.928899	4.675561	89.961131	90.009177	120.092426	171.196311	0.116816	0.117396	49.244820	0.893617	-436.046675	408.886983	637.961600	408.886983	931.416501	-1439.228201	637.961600	-1439.228201	1743.042346	-635.469316	659.516175	134.623122	659.516175	1234.130716	-1198.784142	134.623122	-1198.784142	1427.133214	946.636966	1.000000	270.355633	72.107544	118.500477	
9436	0.512630	0.245229	-0.822849	0.032672	0.952080	0.304100	0.857992	-0.182776	0.480053	-158.758850	-315.322977	57.932274	2.929992	2.928437	4.674395	89.945293	90.065425	120.135571	417.050533	0.129268	0.191150	59.761524	1.000000	106.887336	-104.192259	1702.581811	-104.192259	-641.000025	-386.091177	1702.581811	-386.091177	846.223563	-565.980695	560.619442	1116.781458	560.619442	1220.062415	-112.487571	1116.781458	-112.487571	549.473137	621.607757	1.000000	270.500952	80.899880	66.142196	
9545	0.624345	0.244092	-0.742036	-0.044837	0.959557	0.277922	0.779864	-0.140250	0.610039	-337.674257	136.797427	-226.971074	2.928999	2.927472	4.681505	89.931974	90.040825	120.050872	134.140380	0.113395	0.102966	43.911289	0.872340	1242.577893	-114.965659	705.745295	-114.965659	451.233889	214.844457	705.745295	214.844457	325.759118	830.118247	-126.155999	487.547928	-126.155999	572.666835	-40.717695	487.547928	-40.717695	203.380142	840.013539	1.000000	270.338581	79.323661	74.509210	
9449	0.528294	0.168552	0.832163	0.186729	0.933038	-0.307527	-0.828274	0.317853	0.461445	54.143616	298.540957	160.702057	2.930949	2.929445	4.679974	89.948402	90.017155	120.099973	110.031528	0.120231	0.101249	61.120616	0.962766	345.846989	131.338060	-281.742908	131.338060	732.740210	1202.297946	-281.742908	1202.297946	1457.984169	386.989160	318.930933	-441.377693	318.930933	583.699700	999.727453	-441.377693	999.727453	1158.100094	271.482435	1.000000	0.000000	0.000000	0.000000	
9450	0.308017	0.194902	-0.931209	0.573338	0.743063	0.345174	0.759223	-0.640214	0.117131	451.564870	-107.814559	199.524960	2.926200	2.927715	4.678624	90.023233	89.957409	119.908517	155.707691	0.107246	0.113859	61.306186	0.984043	137.785874	925.317706	138.574030	925.317706	1168.703868	783.390312	138.574030	783.390312	658.791020	-490.499419	944.979593	327.190835	944.979593	1459.861391	630.602443	327.190835	630.602443	1007.513753	1228.422058	1.000000	0.000000	0.000000	0.000000	
9532	0.164298	0.323907	-0.931721	0.141244	0.927091	0.347208	0.976253	-0.188647	0.106569	-295.773196	380.865607	-151.812944	2.926161	2.927712	4.678951	90.006570	89.961411	119.865930	173.347837	0.099875	0.102230	64.629954	0.968085	-184.225390	591.419220	-376.461845	591.419220	2404.571753	-660.906318	-376.461845	-660.906318	228.201014	-202.061004	1104.382941	-669.731579	1104.382941	1077.429226	-242.752208	-669.731579	-242.752208	609.676990	1215.385235	1.000000	270.237824	81.484643	107.192405	
9543	0.242003	0.325065	-0.914210	0.061274	0.935209	0.348755	0.968345	-0.140419	0.206405	-142.682848	-267.341732	220.336180	2.929337	2.925052	4.676507	89.979648	90.017407	120.045160	175.064884	0.112336	0.111704	79.167197	1.000000	-357.373108	456.554826	768.365551	456.554826	76.368275	690.949702	768.365551	690.949702	578.907665	-331.328564	845.694695	599.743240	845.694695	867.677529	379.628818	599.743240	379.628818	702.148955	665.317940	1.000000	270.067960	82.570573	97.777446	
9549	0.231354	0.282047	0.931095	0.493908	0.790493	-0.362186	-0.838178	0.543667	0.043578	-6.229073	100.680153	77.743582	2.927831	2.931579	4.674629	90.023199	89.996607	120.060926	99.812842	0.112713	0.101356	38.766636	0.815217	-592.319092	1157.699206	-408.226756	1157.699206	1176.324440	-755.995672	-408.226756	-755.995672	870.249541	-494.252624	1107.999173	-315.839705	1107.999173	996.214068	-740.828520	-315.839705	-740.828520	950.035167	402.893811	1.000000	270.171186	81.786822	78.206899	
9553	0.228576	0.294087	0.928051	0.391270	0.845148	-0.364191	-0.891444	0.446363	0.078113	-370.519619	-215.633240	189.356464	2.928664	2.927948	4.675318	90.008990	89.992382	119.991627	163.557934	0.125743	0.122568	47.725249	0.913043	-672.959427	735.879071	-169.201628	735.879071	807.125188	233.464278	-169.201628	233.464278	1210.469062	-678.992790	789.551895	-147.322081	789.551895	740.785707	162.436282	-147.322081	162.436282	1434.836496	752.150043	1.000000	269.977485	67.602289	113.741086	
9552	0.088313	0.355379	0.930549	0.190905	0.910835	-0.365973	-0.977635	0.209968	0.012595	399.638186	322.639428	-230.450723	2.927143	2.924219	4.669186	89.970384	89.997999	119.956205	258.543073	0.115668	0.129952	42.009296	0.835106	-2129.233356	773.068813	299.668190	773.068813	436.081364	638.201118	299.668190	638.201118	289.184049	-778.492209	1421.218495	97.166363	1421.218495	644.742880	228.405735	97.166363	228.405735	630.324038	969.494198	1.000000	0.000000	0.000000	0.000000	
9571	0.697357	0.054283	0.714668	0.224936	0.930173	-0.290143	-0.680515	0.363087	0.636453	-230.106265	-4.447400	-5.695427	2.931949	2.926912	4.679622	90.070788	89.876227	120.026757	172.255139	0.127335	0.119783	41.121622	0.813830	1630.958917	-667.481897	-1189.969261	-667.481897	742.905255	793.093987	-1189.969261	793.093987	302.062466	1057.162624	-111.816523	-809.589566	-111.816523	349.320899	608.292185	-809.589566	608.292185	797.941492	485.447690	1.000000	270.043259	89.016142	111.809836	
9555	0.435021	0.104381	-0.894350	0.548884	0.756634	0.355291	0.713781	-0.645453	0.271858	257.138490	-143.806038	-69.539337	2.928018	2.929080	4.679906	90.012411	89.931631	120.024170	177.603194	0.120313	0.112445	78.727593	1.000000	-329.269626	121.956766	-214.598235	121.956766	1131.195332	-139.379594	-214.598235	-139.379594	1359.827941	-433.416792	1153.789612	-140.101305	1153.789612	977.656667	141.339379	-140.101305	141.339379	847.056002	269.801411	1.000000	0.000000	0.000000	0.000000	
9562	0.268279	0.413899	-0.869900	-0.248043	0.902230	0.352786	0.930867	0.121124	0.344712	-435.500874	261.507504	-131.990210	2.928144	2.928691	4.674858	90.030689	90.016610	119.971127	146.652786	0.112594	0.115665	49.101167	0.861702	-242.357782	1139.445735	553.892635	1139.445735	1005.362026	-410.622937	553.892635	-410.622937	765.926726	-503.587421	1011.892490	436.116587	1011.892490	933.166709	-423.960681	436.116587	-423.960681	1188.859850	702.830476	1.000000	274.786374	85.672550	69.956332	
9480	0.417254	0.119520	-0.900901	0.595352	0.713027	0.370340	0.686632	-0.690877	0.226356	-26.919921	459.067779	179.529746	2.925043	2.927436	4.678991	90.071407	89.909437	119.978838	306.054026	0.162395	0.177291	51.224578	0.829787	-25.972381	686.026475	-298.495833	686.026475	3.545859	576.184097	-298.495833	576.184097	866.168817	27.603577	888.372699	-265.968897	888.372699	712.968076	416.007663	-265.968897	416.007663	855.312765	1081.949551	1.000000	0.000000	0.000000	0.000000	
9491	0.417650	0.119083	-0.900776	0.595376	0.713020	0.370317	0.686371	-0.690961	0.226893	-25.920245	463.811813	177.598486	2.927277	2.925988	4.680174	90.115201	89.926319	119.943105	253.379427	0.120224	0.133632	54.542290	0.867021	-194.070794	593.921575	-771.184853	593.921575	1261.877217	408.901404	-771.184853	408.901404	656.650088	-21.617075	756.652724	-314.892868	756.652724	1105.545724	181.664531	-314.892868	181.664531	808.171229	1191.082242	1.000000	270.019922	85.898905	119.373006	
9565	0.314729	0.222364	0.922774	0.698436	0.604070	-0.383787	-0.642763	0.765284	0.034811	-147.997931	259.452464	56.070872	2.930013	2.926584	4.675553	89.972132	89.956912	119.945890	100.707193	0.111083	0.094610	65.359652	0.989362	-947.245003	646.821518	141.735679	646.821518	2141.528451	402.759340	141.735679	402.759340	655.642060	-930.704023	838.486056	156.795541	838.486056	1601.852495	248.390762	156.795541	248.390762	671.650761	328.921929	1.000000	269.888256	78.428900	116.651434	
9582	0.536375	0.302256	-0.788004	-0.035015	0.940837	0.337047	0.843257	-0.153193	0.515225	186.930292	-260.590880	-234.384806	2.927422	2.929850	4.673421	89.952060	90.030861	120.056741	124.027085	0.103240	0.098604	62.126616	0.968085	-288.521731	38.651453	1357.183567	38.651453	318.364113	-768.655533	1357.183567	-768.655533	477.703534	-183.987110	-22.718117	1197.422120	-22.718117	320.210757	-444.314985	1197.422120	-444.314985	767.249892	559.444586	1.000000	269.789098	87.743455	78.479321	
9595	0.734087	0.199608	-0.649059	-0.005156	0.957432	0.288613	0.679039	-0.208521	0.703868	-196.457504	-98.731781	176.271100	2.927380	2.930766	4.678275	89.914446	89.989450	120.134285	136.062412	0.114340	0.104212	81.003473	0.994681	880.592079	-1086.265418	1440.648784	-1086.265418	-146.757870	53.026065	1440.648784	53.026065	323.850309	1336.057986	-538.335649	1280.877562	-538.335649	284.926884	-247.334007	1280.877562	-247.334007	188.059268	384.810435	1.000000	269.939082	85.231164	97.778152	
9583	0.529648	0.032694	-0.847587	0.539813	0.757787	0.366553	0.654274	-0.651683	0.383712	392.510766	-283.434217	-231.283684	2.927309	2.927790	4.680915	90.009408	89.931052	119.956871	212.588443	0.135056	0.124475	50.896875	0.925532	-77.840121	371.604942	-71.433276	371.604942	1488.419857	334.844301	-71.433276	334.844301	962.071482	-181.447979	645.590004	395.068422	645.590004	1372.379797	29.226123	395.068422	29.226123	247.767240	1204.981228	1.000000	269.623915	80.521554	69.422327	
9579	-0.005250	0.397074	0.917780	-0.090600	0.913822	-0.395882	-0.995882	-0.085226	0.031176	71.037370	458.170914	-232.256809	2.928603	2.927749	4.676260	89.961344	90.014297	119.992883	110.537768	0.102677	0.087021	62.055607	0.972222	-636.646925	607.437560	266.984752	607.437560	1042.737502	46.048932	266.984752	46.048932	1038.177839	-560.025373	1054.730207	187.012636	1054.730207	804.169812	-68.194773	187.012636	-68.194773	1145.042734	774.802094	1.000000	0.000000	0.000000	0.000000	
9597	0.419523	0.365146	-0.831070	-0.037309	0.921690	0.386131	0.906983	-0.130986	0.400293	-22.291075	-421.353997	-32.400594	2.929103	2.926866	4.676342	89.994960	90.030430	120.053417	194.525116	0.127569	0.130415	50.380403	0.867021	109.955893	570.510378	910.653042	570.510378	-118.260831	50.346153	910.653042	50.346153	727.653502	179.340381	750.983703	1225.501223	750.983703	839.463095	-249.513875	1225.501223	-249.513875	453.031731	1058.821359	1.000000	269.842849	85.156401	97.661498	
9533	0.307679	0.195272	-0.931237	0.573489	0.742904	0.345260	0.759239	-0.640283	0.116590	438.790456	-92.926113	199.157548	2.930106	2.927270	4.685695	89.979378	90.043211	120.003054	237.174886	0.122252	0.128403	60.942685	0.984043	1335.217021	-50.835009	520.791163	-50.835009	836.934960	232.611162	520.791163	232.611162	1535.337776	83.636064	669.561696	235.746203	669.561696	1484.803643	647.739142	235.746203	647.739142	821.944373	1218.459245	1.000000	0.000000	0.000000	0.000000	
9534	0.419174	0.365485	-0.831097	-0.038975	0.921795	0.385716	0.907074	-0.129292	0.400637	-11.865156	-404.452902	-32.450506	2.927412	2.927486	4.677164	89.945564	89.971348	120.123176	238.118718	0.126163	0.123904	52.027993	0.882979	236.353644	258.252207	700.706092	258.252207	-1474.938302	-284.728435	700.706092	-284.728435	1061.482385	113.297355	737.034262	972.220234	737.034262	1046.288919	-480.167413	972.220234	-480.167413	680.564817	848.818348	1.000000	0.000000	0.000000	0.000000	
9536	0.513729	0.244763	-0.822303	0.034142	0.951850	0.304657	0.857278	-0.184587	0.480636	-124.121134	-327.035139	80.374712	2.928919	2.929547	4.673453	89.916297	90.020492	120.029401	379.020331	0.112803	0.183143	60.035114	1.000000	-274.338341	91.564522	1585.505000	91.564522	1080.755402	-358.303482	1585.505000	-358.303482	390.692104	-387.450006	572.225586	1146.955061	572.225586	1172.213515	14.805103	1146.955061	14.805103	530.500349	789.550093	1.000000	0.000000	0.000000	0.000000	
9538	0.514613	0.243281	-0.822190	0.035435	0.952049	0.303887	0.856695	-0.185519	0.481316	-108.601043	-253.458487	46.312309	2.928395	2.928301	4.677721	90.029292	89.962820	119.976236	415.481173	0.165983	0.231180	58.177066	0.941489	-275.527684	491.697366	444.018652	491.697366	1368.058697	-170.231360	444.018652	-170.231360	949.215111	-245.589888	589.146783	944.779418	589.146783	1094.385873	-130.679745	944.779418	-130.679745	497.528313	940.791091	1.000000	89.537466	66.409115	296.610113	
9600	0.444260	0.163848	-0.880788	0.551122	0.725122	0.412870	0.706327	-0.668843	0.231843	-417.494177	-355.054569	-96.280533	2.928343	2.927175	4.676592	89.930324	90.039147	119.969751	158.113664	0.118740	0.111580	69.041691	0.994681	-379.046655	434.851492	898.859991	434.851492	1169.977119	71.016781	898.859991	71.016781	671.769962	-592.629372	541.549919	538.958825	541.549919	1211.568297	101.170525	538.958825	101.170525	768.789363	914.167538	1.000000	0.000000	0.000000	0.000000	
9542	0.598679	-0.106583	-0.793870	0.622981	0.684927	0.377855	0.503473	-0.720777	0.476449	367.007222	350.415501	65.075861	2.928338	2.928482	4.677391	89.951805	89.984363	119.992465	153.107908	0.117933	0.112993	51.467959	0.905556	622.792313	805.081500	648.476386	805.081500	654.083959	-554.625324	648.476386	-554.625324	572.441198	152.882364	500.642238	916.019397	500.642238	566.779323	-35.596514	916.019397	-35.596514	802.143937	1160.737399	1.000000	0.000000	0.000000	0.000000	
9606	0.499235	0.063668	-0.864124	0.624085	0.665403	0.409582	0.601068	-0.743765	0.292458	-10.343050	-3.629415	-203.289763	2.924866	2.927993	4.675874	90.045194	89.983404	119.971115	117.307742	0.110232	0.104010	65.376237	0.984043	-461.574724	877.304345	-177.169889	877.304345	619.859083	-538.409529	-177.169889	-538.409529	228.207187	-418.348364	863.898186	-72.090379	863.898186	614.844961	-329.979526	-72.090379	-329.979526	568.486346	387.967397	1.000000	0.000000	0.000000	0.000000	
9548	0.638411	0.116348	-0.760855	0.278766	0.886448	0.369462	0.717445	-0.447968	0.533484	26.941134	-388.623357	140.292766	2.928418	2.927617	4.675461	89.989176	90.029432	120.125430	177.791844	0.119930	0.112986	72.520530	0.994565	249.890177	277.960822	1339.453673	277.960822	-697.637840	372.025556	1339.453673	372.025556	273.280295	104.162494	354.149045	1053.797093	354.149045	1097.391299	-284.984179	1053.797093	-284.984179	497.083124	483.459160	1.000000	0.000000	0.000000	0.000000	
9550	0.341927	0.262755	0.902245	0.675270	0.599004	-0.430354	-0.653526	0.756409	0.027385	22.811654	-259.645693	153.284992	2.926898	2.928496	4.675451	89.976523	90.011792	119.920592	104.367015	0.106602	0.088166	58.382325	0.957447	-289.431570	1312.872884	105.581078	1312.872884	1492.638228	-48.239986	105.581078	-48.239986	468.467934	-380.065695	1328.595616	104.034086	1328.595616	1047.071221	-104.605830	104.034086	-104.605830	887.313209	481.076550	1.000000	89.143607	87.426288	248.570994	
9611	0.403264	0.259824	-0.877422	0.398100	0.813540	0.423874	0.823951	-0.520235	0.224636	289.640964	-306.828634	30.047759	2.930267	2.927567	4.672532	89.990939	90.065289	120.006058	158.313583	0.142385	0.130311	44.723125	0.893617	-555.391604	982.002908	1200.889699	982.002908	210.542019	-373.038347	1200.889699	-373.038347	1365.677464	-616.335739	1067.388378	1000.754703	1067.388378	453.436450	-497.729576	1000.754703	-497.729576	1507.064203	907.021298	1.000000	0.000000	0.000000	0.000000	
9614	0.395365	0.263531	-0.879908	0.438637	0.787500	0.432945	0.807022	-0.557132	0.195755	289.590350	-359.148138	0.426467	2.930131	2.926363	4.678484	89.960626	90.045268	120.033097	136.917324	0.128783	0.108766	60.099942	0.978723	-113.812054	40.558154	795.249095	40.558154	180.792984	-130.138497	795.249095	-130.138497	1494.558402	-460.075804	623.510251	1166.641077	623.510251	596.243222	115.884005	1166.641077	115.884005	1034.305136	439.179027	1.000000	0.000000	0.000000	0.000000	
9560	0.538686	0.050524	-0.840994	0.583765	0.697362	0.415823	0.607489	-0.714939	0.346164	339.855907	114.289104	103.294293	2.926624	2.928657	4.674155	90.052746	89.945149	119.970107	119.530592	0.116891	0.102242	44.772906	0.835106	-619.374895	1171.297821	450.479369	1171.297821	478.198249	237.197220	450.479369	237.197220	998.278038	2.425445	1218.997541	728.103769	1218.997541	465.934803	199.094248	728.103769	199.094248	1187.540096	447.759691	1.000000	269.070057	82.871979	61.310663	
9618	0.534160	0.133566	0.834770	0.446815	0.793644	-0.412903	-0.717661	0.593543	0.364253	216.611490	297.846156	205.151974	2.924949	2.929148	4.678495	90.001068	89.967880	120.003503	116.247073	0.117748	0.104985	52.558583	0.888298	-90.561371	30.505728	-819.164458	30.505728	133.923997	-349.566564	-819.164458	-349.566564	1000.304290	206.951963	691.516169	-695.417372	691.516169	298.214636	-459.793283	-695.417372	-459.793283	818.664597	838.998452	1.000000	0.000000	0.000000	0.000000	
9626	0.532728	0.112219	0.838818	0.513063	0.745425	-0.425573	-0.673034	0.657079	0.339533	-41.171602	-258.033162	54.455881	2.928205	2.926629	4.675502	89.990441	90.038469	120.048584	123.856310	0.115748	0.100133	49.425299	0.904255	-525.155604	544.609748	-130.156910	544.609748	-9.546972	732.663695	-130.156910	732.663695	735.513164	-634.064057	735.859468	-136.908396	735.859468	832.911675	555.905390	-136.908396	555.905390	834.796411	502.191207	1.000000	0.000000	0.000000	0.000000	
9630	0.445480	0.220183	-0.867795	0.517977	0.727205	0.450413	0.730238	-0.650148	0.209906	-313.023791	-266.480354	-55.424061	2.927366	2.927107	4.676456	89.985429	89.990891	119.975447	112.573338	0.115584	0.098958	95.601237	1.000000	-465.160415	628.968009	342.550474	628.968009	813.402532	78.679638	342.550474	78.679638	671.046861	-251.251341	981.287114	512.940682	981.287114	1135.212201	204.240055	512.940682	204.240055	665.269644	347.170927	1.000000	0.000000	0.000000	0.000000	
9588	0.590616	-0.019094	0.806727	0.625877	0.641881	-0.443021	-0.509363	0.766567	0.391056	79.396777	-117.528355	77.097285	2.929914	2.930254	4.676883	89.998179	89.999680	120.035008	107.687234	0.108102	0.098454	61.221623	0.972222	47.459707	617.748887	-753.951161	617.748887	894.249261	539.180165	-753.951161	539.180165	1515.242658	-48.101250	635.919462	-691.529098	635.919462	951.403958	499.324117	-691.529098	499.324117	1569.201438	464.271028	1.000000	0.000000	0.000000	0.000000	
9646	0.456060	0.282286	-0.843993	0.371289	0.801531	0.468714	0.808797	-0.527127	0.260737	421.596418	124.620299	-151.318702	2.929477	2.926947	4.681564	90.093776	89.951292	119.972010	177.563859	0.100966	0.116019	91.796989	1.000000	1042.572653	766.517833	61.252189	766.517833	138.455043	342.459433	61.252189	342.459433	1630.637757	-198.291301	966.241536	504.969713	966.241536	288.826368	360.811790	504.969713	360.811790	1421.613207	482.986008	1.000000	0.000000	0.000000	0.000000	
9641	0.388577	0.300197	0.871148	0.517985	0.710735	-0.475974	-0.762042	0.636193	0.120678	-17.104871	193.412601	158.384981	2.928514	2.925706	4.675148	89.983077	90.075251	119.969942	126.571557	0.116638	0.104550	38.598037	0.803191	14.823381	1397.280976	228.221184	1397.280976	366.884383	219.202657	228.221184	219.202657	326.371114	-135.380602	1398.477398	177.994610	1398.477398	293.960557	-1.543750	177.994610	-1.543750	500.008812	629.572424	1.000000	273.125408	87.264099	91.457871	
9593	0.590394	-0.019141	0.806888	0.625782	0.642232	-0.442645	-0.509737	0.766271	0.391148	80.168793	-126.273693	73.432210	2.929974	2.929837	4.676584	89.986722	90.016722	120.013513	140.688027	0.137319	0.125845	59.743183	0.896739	-27.002635	806.257886	-696.915931	806.257886	1036.215065	363.172504	-696.915931	363.172504	1478.732172	-84.497403	677.306148	-699.752840	677.306148	940.000602	469.391346	-699.752840	469.391346	1559.199141	453.118252	1.000000	273.110257	86.945891	71.456829	
9651	0.317175	0.395671	0.861891	0.291431	0.824170	-0.485607	-0.902485	0.405205	0.146095	-126.292469	37.905721	-49.924828	2.928792	2.926876	4.675216	90.033339	89.999049	119.925112	157.888913	0.111422	0.113714	96.358738	1.000000	-178.353808	1188.795408	114.191709	1188.795408	779.866018	917.016552	114.191709	917.016552	1068.505450	-206.379426	1302.855440	612.879084	1302.855440	816.651058	553.197652	612.879084	553.197652	1117.091755	333.785603	1.000000	0.000000	0.000000	0.000000	
9608	0.314275	0.405787	0.858242	0.283726	0.822573	-0.492824	-0.905948	0.398389	0.143381	-30.338567	128.579134	-20.644925	2.931984	2.928196	4.676979	89.938269	90.036355	120.082257	260.595158	0.138690	0.155212	48.484591	0.872340	-103.797176	977.125488	-343.241287	977.125488	658.171868	-1077.454557	-343.241287	-1077.454557	1447.691980	-105.406726	1107.058221	-250.972665	1107.058221	1029.698961	214.066473	-250.972665	214.066473	1127.819150	553.085841	1.000000	268.533059	88.063343	109.845275	
9609	0.319135	0.402124	0.858173	0.281512	0.824421	-0.491003	-0.904939	0.398283	0.149899	-78.329988	147.854368	-39.094860	2.928032	2.922725	4.681294	89.726961	90.052776	119.833986	541.846163	0.217608	0.278776	53.532408	0.803191	1252.462242	1927.279303	2382.333965	1927.279303	1186.065981	-576.820139	2382.333965	-576.820139	-245.531395	-79.719951	1283.521937	128.692909	1283.521937	912.048337	117.362263	128.692909	117.362263	1361.218485	742.304264	1.000000	93.070569	77.069493	244.519925	
9661	0.559264	0.276166	-0.781642	0.216150	0.861686	0.459107	0.800319	-0.425714	0.422216	-311.224689	294.973827	-10.347556	2.926478	2.929654	4.674810	90.041923	90.047218	120.029393	122.049989	0.115143	0.106695	60.734482	0.952128	-91.894271	769.701660	501.721059	769.701660	-585.584473	-747.035777	501.721059	-747.035777	1367.010302	-147.808012	496.989132	207.574914	496.989132	-109.948498	-587.367626	207.574914	-587.367626	1450.073004	434.890701	1.000000	0.000000	0.000000	0.000000	
9658	0.357922	0.371957	0.856476	0.399227	0.768213	-0.500470	-0.844109	0.521057	0.126465	-65.193929	-154.773374	164.598464	2.927853	2.928646	4.677775	89.981367	90.044631	120.034872	155.369652	0.133327	0.121590	40.605594	0.861702	70.012876	638.046591	83.186539	638.046591	49.523230	241.302653	83.186539	241.302653	1274.790325	-87.859745	585.345293	178.756331	585.345293	564.399978	-247.166328	178.756331	-247.166328	1387.548637	574.417329	1.000000	0.000000	0.000000	0.000000	
9666	0.541502	0.182742	-0.820598	0.508137	0.706472	0.492640	0.669755	-0.683742	0.289698	195.103555	-90.955975	65.305015	2.928808	2.928545	4.675141	90.122954	89.962559	119.957077	132.470614	0.127306	0.110049	57.525425	0.973404	456.548859	1781.413561	73.909471	1781.413561	180.793829	-72.046718	73.909471	-72.046718	1268.572902	178.134202	1503.970766	152.660745	1503.970766	759.509434	-356.143474	152.660745	-356.143474	1480.806130	911.163997	1.000000	0.000000	0.000000	0.000000	
9627	0.534246	0.154798	0.831035	0.614657	0.603764	-0.507608	-0.580325	0.781989	0.227411	248.793327	277.943810	122.453854	2.926009	2.929648	4.675327	89.982026	90.029955	120.059192	120.165345	0.117995	0.099299	38.665977	0.815217	-896.726697	437.033854	214.103497	437.033854	145.411591	802.488702	214.103497	802.488702	1089.592813	-565.907235	630.687489	165.909234	630.687489	195.719162	957.372977	165.909234	957.372977	1155.624999	690.219701	1.000000	88.561541	87.720206	253.796109	
9671	0.454024	0.424988	-0.783107	0.026993	0.871948	0.488856	0.890585	-0.243093	0.384413	-74.357441	-400.321841	-146.941567	2.929174	2.929548	4.674047	89.983069	89.963828	120.006536	139.256279	0.129902	0.110989	37.797420	0.845745	-621.042950	790.141497	948.884073	790.141497	1149.798670	-410.587864	948.884073	-410.587864	1114.572376	-803.362266	697.891730	850.517766	697.891730	485.597014	-427.470025	850.517766	-427.470025	1218.971514	490.442324	1.000000	88.579089	81.677399	241.580144	
9675	0.575428	0.127735	0.807820	0.587961	0.621965	-0.517172	-0.568498	0.772560	0.282793	48.537923	-188.060451	120.254946	2.929228	2.930422	4.673244	89.989593	90.002372	120.048922	248.247409	0.104553	0.134836	34.601718	0.809783	-630.673461	934.315228	-793.630248	934.315228	287.270609	348.547492	-793.630248	348.547492	1704.566937	-491.544455	782.856392	-862.832656	782.856392	168.959677	437.412361	-862.832656	437.412361	1758.193790	666.565715	1.000000	268.351782	88.596914	88.590922	
9679	0.590805	0.212307	0.778384	0.383842	0.774619	-0.502628	-0.709663	0.595731	0.376157	-211.177154	26.112999	151.077077	2.928004	2.928832	4.674357	89.956629	90.049843	119.978491	118.739461	0.115696	0.097950	62.674502	0.984043	-151.985807	1259.960875	-543.870481	1259.960875	332.454660	154.861852	-543.870481	154.861852	1167.394801	216.680651	1311.660740	-735.987320	1311.660740	372.190255	60.564393	-735.987320	60.564393	1201.588752	534.165013	1.000000	269.112655	82.946053	61.240169	
9640	0.304252	0.459737	-0.834316	0.285592	0.791521	0.540310	0.908779	-0.402666	0.109524	469.015998	417.655378	198.560796	2.928274	2.921393	4.674558	90.053636	90.001683	119.908480	177.608541	0.139436	0.114745	49.885877	0.877660	-1459.471110	238.737954	-687.034218	238.737954	328.787151	-1373.481701	-687.034218	-1373.481701	775.417368	-464.824246	1160.209349	-314.044825	1160.209349	857.257141	-545.873536	-314.044825	-545.873536	1471.475328	425.447872	1.000000	268.342293	72.764928	67.825608	
9681	0.339403	0.444238	-0.829137	0.320587	0.774050	0.545961	0.884330	-0.451113	0.120297	-165.910506	-174.005568	63.981460	2.929193	2.928719	4.674119	89.986470	90.028720	120.004568	86.654643	0.121395	0.095419	64.151586	0.984043	-206.205696	1267.903464	394.303206	1267.903464	395.321102	-180.947339	394.303206	-180.947339	1212.922692	-138.787728	1426.848835	162.464692	1426.848835	478.208761	-228.408930	162.464692	-228.408930	1365.574892	207.215180	1.000000	268.365923	70.405378	70.835527	
9687	0.403181	0.483582	0.776919	-0.030276	0.855558	-0.516823	-0.914624	0.184855	0.359585	-133.499967	-389.902326	18.319485	2.928358	2.924724	4.677016	90.029156	90.007988	120.064860	167.410150	0.123778	0.105974	51.119569	0.893617	-321.695062	-69.792797	-227.300317	-69.792797	-748.910665	753.160539	-227.300317	753.160539	831.542639	5.218859	792.124557	-134.493369	792.124557	602.585216	483.136268	-134.493369	483.136268	748.695371	455.328284	1.000000	0.000000	0.000000	0.000000	
9654	0.320412	0.399000	0.859154	0.288561	0.822748	-0.489715	-0.902263	0.404830	0.148483	-116.521019	41.309123	-70.341567	2.926622	2.926728	4.677474	89.951444	90.072781	119.854701	428.814894	0.239870	0.294092	76.154802	0.803191	-160.287026	1182.049279	951.055300	1182.049279	1744.270195	676.596583	951.055300	676.596583	482.234235	-23.540171	1096.903732	190.307591	1096.903732	872.860176	412.943974	190.307591	412.943974	1580.982346	907.199487	1.000000	88.162972	70.854614	268.073293	
9690	0.543062	0.207410	0.813678	0.606103	0.573817	-0.550799	-0.581145	0.792289	0.185907	462.196391	289.473123	182.593400	2.931074	2.928418	4.673406	90.006401	90.004394	119.937795	122.650644	0.110932	0.096547	57.265803	0.920213	-42.482383	1852.737943	-195.500477	1852.737943	1394.402403	598.268767	-195.500477	598.268767	1111.613359	-72.067562	1384.484812	-99.223767	1384.484812	713.862911	527.338745	-99.223767	527.338745	1210.689056	601.764864	1.000000	88.260483	84.769006	245.638455	
9657	0.321989	0.399798	0.858193	0.286339	0.822885	-0.490788	-0.902410	0.403764	0.150482	-78.105658	71.852616	3.600080	2.919490	2.925759	4.676024	89.896155	90.274755	119.640864	574.731514	0.259117	0.295257	54.221877	0.803191	125.228802	2692.483853	3095.351305	2692.483853	2614.125387	446.499861	3095.351305	446.499861	-1632.799677	-141.609069	1306.105252	170.795417	1306.105252	969.842456	160.498564	170.795417	160.498564	1538.037366	836.198823	1.000000	88.057364	75.139202	258.662786	
9699	0.541298	0.341448	-0.768386	0.248483	0.808062	0.534131	0.803281	-0.480055	0.352558	473.111725	-1.245217	-222.220389	2.930013	2.929776	4.671908	89.974611	90.130083	120.013788	253.387090	0.118079	0.134797	34.159662	0.803191	809.734788	1695.472751	873.376973	1695.472751	-410.629830	-952.885109	873.376973	-952.885109	1076.400278	-547.441312	1093.380423	735.004569	1093.380423	-335.117403	-129.909381	735.004569	-129.909381	1465.634708	762.597156	1.000000	268.200844	79.687156	107.630667	
9660	0.443608	0.380776	0.811308	0.413032	0.716529	-0.562131	-0.795372	0.584462	0.160585	330.980132	439.361263	-177.914474	2.929218	2.922729	4.677781	89.902400	90.009477	120.040714	201.509566	0.131793	0.125823	40.877206	0.813830	251.884548	65.765136	-326.640394	65.765136	-1832.658626	-272.549480	-326.640394	-272.549480	1359.518372	369.369031	840.959271	-85.962277	840.959271	250.538026	99.040273	-85.962277	99.040273	1100.087299	672.871292	1.000000	0.000000	0.000000	0.000000	
9698	0.274294	0.503677	0.819197	0.382659	0.724348	-0.573495	-0.882240	0.470780	0.005947	99.205017	-157.662436	-188.046401	2.927981	2.929526	4.676142	90.020202	90.022542	120.023209	125.405188	0.120469	0.108927	63.899683	1.000000	11.080105	867.282237	-120.582729	867.282237	-44.263232	179.206861	-120.582729	179.206861	1540.609835	-164.538745	986.772378	162.275000	986.772378	251.194129	61.666806	162.275000	61.666806	986.430299	585.544395	1.000000	0.000000	0.000000	0.000000	
9700	0.508808	0.292306	-0.809735	0.572751	0.587275	0.571896	0.642705	-0.754762	0.131392	316.234082	454.716037	-242.168542	2.928509	2.930314	4.674094	89.965642	90.004142	119.906528	205.747159	0.129844	0.118578	48.029364	0.877660	-72.450414	1868.792918	373.973657	1868.792918	1873.683999	-214.486747	373.973657	-214.486747	894.840686	213.789039	1524.412349	114.100614	1524.412349	377.467982	-287.863561	114.100614	-287.863561	1121.340168	1126.158883	1.000000	0.000000	0.000000	0.000000	
9706	0.397784	0.511736	-0.761515	0.045390	0.818008	0.573415	0.916361	-0.262663	0.302162	-291.095385	-241.595706	230.553184	2.926314	2.926951	4.676602	90.024596	89.982227	120.098597	187.605912	0.130774	0.118206	42.484546	0.835106	-633.209153	-37.863327	486.197016	-37.863327	-915.454733	134.590370	486.197016	134.590370	943.343136	153.239018	1054.592812	67.689874	1054.592812	176.602371	-316.996023	67.689874	-316.996023	1001.550722	1086.021236	1.000000	87.898373	70.343274	266.148804	
9714	0.660334	0.183978	0.728091	0.449267	0.680113	-0.579318	-0.601767	0.709650	0.366447	158.121102	114.682207	238.429768	2.930093	2.926523	4.672459	90.021447	90.006166	120.001978	124.299563	0.117808	0.104240	43.015792	0.861702	-243.293344	1231.481957	-298.676451	1231.481957	399.229274	1135.070193	-298.676451	1135.070193	474.622743	-282.666020	1198.283626	-370.353399	1198.283626	342.237888	965.773256	-370.353399	965.773256	592.200195	636.653423	1.000000	0.000000	0.000000	0.000000	
9713	0.483881	0.408922	0.773725	0.421911	0.665577	-0.615633	-0.766720	0.624336	0.149532	-178.377929	113.585734	100.423056	2.926622	2.928651	4.674363	89.993407	89.993494	119.942733	111.971596	0.112630	0.097293	73.390015	1.000000	-192.642975	1227.677231	-657.810361	1227.677231	380.407549	-360.348420	-657.810361	-360.348420	987.608536	143.667737	1221.498665	-711.932144	1221.498665	274.524777	-525.082396	-711.932144	-525.082396	1033.210886	416.055588	1.000000	87.825277	63.403303	295.143328	
9724	0.725124	-0.034365	-0.687760	0.575416	0.578878	0.577752	0.378275	-0.814690	0.439532	207.176014	-21.181232	-109.808259	2.928624	2.929579	4.675113	90.020118	90.008190	120.023370	93.496733	0.106071	0.092770	76.076689	0.994444	216.233012	827.583963	594.469760	827.583963	194.741733	-806.311915	594.469760	-806.311915	1113.250195	-112.286368	801.469411	712.367119	801.469411	216.878213	-791.709031	712.367119	-791.709031	1032.680047	595.485408	1.000000	0.000000	0.000000	0.000000	
9729	0.450129	0.581394	0.677771	-0.111995	0.789771	-0.603094	-0.885918	0.195566	0.420611	426.943368	506.041657	-33.166151	2.931269	2.926491	4.677155	90.048570	90.040549	119.991404	133.651678	0.115154	0.098392	45.014032	0.856383	617.072063	708.027311	160.474438	708.027311	133.272344	1373.297951	160.474438	1373.297951	1380.136189	-10.495264	451.801632	-194.514147	451.801632	177.384477	884.057883	-194.514147	884.057883	1401.048444	386.219389	1.000000	87.839222	70.326744	266.193979	
9708	0.546454	0.391811	-0.740188	0.514770	0.540006	0.665893	0.660611	-0.744906	0.093396	-343.635339	-91.418847	-237.579786	2.928517	2.925932	4.675491	89.981936	90.039251	120.020042	160.575302	0.105519	0.099092	52.186915	0.909574	-486.179999	753.845258	-59.446539	753.845258	256.140374	-651.112955	-59.446539	-651.112955	584.817558	483.095665	1379.637880	219.388335	1379.637880	463.184019	-383.863091	219.388335	-383.863091	862.892217	440.716077	1.000000	0.000000	0.000000	0.000000	
9732	0.548620	0.458285	-0.699284	0.254004	0.705493	0.661639	0.796559	-0.540610	0.270641	-55.441506	459.128749	-207.753197	2.927402	2.929598	4.669876	90.053461	90.067668	120.008120	183.394181	0.117385	0.113821	63.546193	0.973404	54.819332	1489.411373	152.919575	1489.411373	-1501.146102	-595.865874	152.919575	-595.865874	1592.165964	160.638445	1073.382632	344.007068	1073.382632	55.257998	-376.627014	344.007068	-376.627014	1375.860961	643.406478	1.000000	0.000000	0.000000	0.000000	
9725	0.510442	0.487468	0.708395	0.516692	0.484637	-0.705802	-0.687371	0.726293	-0.004492	-170.665854	-394.536651	238.668685	2.927301	2.927809	4.676110	89.908317	89.970282	120.087190	178.571656	0.110138	0.101106	49.942582	0.904255	535.797507	265.212051	387.563007	265.212051	-1674.578706	294.298704	387.563007	294.298704	1171.513406	813.239779	948.601112	215.241990	948.601112	-62.713776	-100.472236	215.241990	-100.472236	1059.003156	438.611524	1.000000	0.000000	0.000000	0.000000	
9733	0.453670	0.600801	-0.658202	0.232324	0.633303	0.738214	0.860359	-0.487823	0.147729	-58.365435	220.731026	-138.068214	2.928652	2.930916	4.668492	89.980697	89.890275	119.994561	117.841587	0.109294	0.108697	38.186423	0.813830	920.683146	1650.583883	612.463881	1650.583883	-1933.194391	-560.358056	612.463881	-560.358056	1876.820553	1039.722575	1560.067271	654.630221	1560.067271	-1756.392474	-393.939663	654.630221	-393.939663	1760.460477	482.833826	1.000000	267.538762	65.100679	110.555347	
9752	0.644710	0.448771	0.618838	0.225315	0.662015	-0.714825	-0.730471	0.600289	0.325692	430.994754	-395.584302	219.332164	2.928711	2.929534	4.680074	89.920715	90.075794	120.065446	174.403019	0.122865	0.115688	43.474565	0.872340	287.704792	347.203671	330.875994	347.203671	-78.416721	190.628044	330.875994	190.628044	1963.158511	-335.667177	784.058131	-292.970172	784.058131	-151.735678	496.266384	-292.970172	496.266384	1699.418913	613.848548	1.000000	88.178624	84.792840	245.655819	
9740	0.756307	0.137643	0.639573	0.562464	0.362476	-0.743133	-0.334117	0.921773	0.196724	-279.512448	351.697732	151.790741	2.929958	2.926903	4.672993	89.844084	90.030539	120.019418	131.042091	0.108757	0.100499	77.920005	1.000000	860.519878	1294.996514	15.869642	1294.996514	-1593.390162	-698.338281	15.869642	-698.338281	1381.082347	749.850046	1167.143004	-288.187841	1167.143004	-954.951824	-197.861771	-288.187841	-197.861771	1552.083308	762.858418	1.000000	272.011560	71.027946	105.739034	
9756	0.838355	-0.309443	-0.448782	0.530161	0.654398	0.539159	0.126843	-0.689934	0.712673	170.251710	-36.641739	-217.084489	2.928957	2.928360	4.680260	90.001944	90.067849	120.037807	146.944329	0.117102	0.103725	43.366080	0.845745	1522.958400	-105.346784	194.238216	-105.346784	101.760631	-633.481478	194.238216	-633.481478	549.951949	1176.096989	-235.568769	887.816931	-235.568769	276.341621	-436.759522	887.816931	-436.759522	-108.059858	574.315192	1.000000	87.602308	87.036488	266.509146	
9755	0.563974	0.538910	0.625712	0.358326	0.522953	-0.773388	-0.744004	0.660381	0.101826	257.292230	445.867658	-162.584740	2.931668	2.928935	4.670062	89.987006	90.076410	119.895954	173.670095	0.117780	0.110391	36.995252	0.808511	1939.249550	2615.079922	-155.007953	2615.079922	-579.606620	-14.693663	-155.007953	-14.693663	1190.139252	882.611648	1750.114682	194.409346	1750.114682	-468.089956	428.105083	194.409346	428.105083	1493.242484	422.422526	1.000000	0.000000	0.000000	0.000000	
9746	0.572823	0.585850	-0.573289	0.043087	0.676913	0.734804	0.818550	-0.445616	0.362508	-194.792649	-278.481330	54.864689	2.928071	2.929457	4.673619	89.995417	89.993037	120.032502	132.450402	0.117148	0.104800	41.245400	0.861702	116.476113	811.590271	468.512902	811.590271	-343.160847	-907.962076	468.512902	-907.962076	1108.867191	44.488241	923.091718	888.396233	923.091718	343.715228	-582.264608	888.396233	-582.264608	887.630692	583.203288	1.000000	0.000000	0.000000	0.000000	
9763	0.848456	0.126895	0.513829	0.488646	0.185178	-0.852604	-0.203341	0.974478	0.095109	-130.535434	-309.442769	-14.274744	2.926615	2.928033	4.675560	89.993824	90.007834	119.958914	150.056754	0.108583	0.113974	42.640438	0.861702	534.360458	971.732283	343.560503	971.732283	-310.380079	332.440172	343.560503	332.440172	830.310207	639.366524	1073.081743	612.224208	1073.081743	-261.554586	356.466136	612.224208	356.466136	875.621068	388.290391	1.000000	0.000000	0.000000	0.000000	
9768	0.847506	0.126293	0.515543	0.490472	0.184964	-0.851602	-0.202909	0.974596	0.094815	-129.429587	-303.165012	-15.884568	2.927606	2.928119	4.675389	89.999349	90.023694	120.044939	166.054749	0.126537	0.118315	43.161265	0.861702	349.175911	603.426854	278.654100	603.426854	-709.452475	425.882982	278.654100	425.882982	878.885794	652.906493	1077.888137	614.521374	1077.888137	-266.523649	401.459129	614.521374	401.459129	818.047448	397.775932	1.000000	267.400228	74.661518	70.607505	
9770	0.900734	-0.133814	-0.413246	0.431719	0.170803	0.885689	-0.047933	-0.976176	0.211618	-146.872106	-239.799949	17.384850	2.927684	2.929996	4.677749	90.018494	90.013826	120.027173	219.213765	0.124475	0.135527	37.407047	0.845745	277.097349	562.829533	217.602303	562.829533	-76.992773	-246.878248	217.602303	-246.878248	1670.336526	400.056559	603.000983	655.203114	603.000983	-425.763413	-6.161085	655.203114	-6.161085	1812.981627	748.106321	1.000000	0.000000	0.000000	0.000000	
9772	0.819100	0.404340	0.406923	0.335004	0.238664	-0.911496	-0.465671	0.882928	0.060034	-246.714131	511.435844	-83.516423	2.925602	2.929997	4.668242	90.083925	89.963786	119.977278	206.650590	0.116700	0.117340	39.509249	0.827778	53.527137	744.826642	-627.304877	744.826642	-2245.974626	719.542017	-627.304877	719.542017	1821.838440	385.072971	330.423539	-502.562813	330.423539	-765.551759	407.038070	-502.562813	407.038070	1346.583396	978.050548	1.000000	87.166648	66.227181	297.386280	
9775	0.928070	-0.119428	0.352736	0.370200	0.192935	-0.908696	0.040469	0.973916	0.223269	-321.630904	-23.945583	43.680787	2.928032	2.930270	4.674447	89.921493	90.041767	120.029966	114.549672	0.113513	0.105885	60.704686	0.984043	445.132131	724.596010	-100.097374	724.596010	-1041.807485	-3.943518	-100.097374	-3.943518	1944.799646	488.703204	766.414470	-240.614190	766.414470	-1023.076546	-69.638590	-240.614190	-69.638590	1928.476884	480.176558	1.000000	0.000000	0.000000	0.000000	
9776	0.900005	-0.135166	-0.414392	0.433093	0.169998	0.885173	-0.049199	-0.976131	0.211539	-147.664296	-242.462608	15.824117	2.929045	2.930124	4.678091	90.029140	89.948776	120.075554	185.014268	0.136155	0.131625	37.521988	0.845745	293.918493	575.170272	704.060722	575.170272	-27.368216	87.052825	704.060722	87.052825	1696.565603	403.794180	612.716120	655.487231	612.716120	-417.196509	-5.403359	655.487231	-5.403359	1808.522649	748.204638	1.000000	267.341776	82.362365	79.742734	
9787	0.955716	0.289242	-0.054284	-0.281726	0.845884	-0.452894	-0.085077	0.448132	0.889911	-235.055590	186.044937	-231.287259	2.926705	2.928261	4.679177	90.101273	90.043879	119.998709	176.756906	0.107550	0.109543	56.252343	0.936170	681.585641	-138.787609	-119.403397	-138.787609	1841.337750	-278.733654	-119.403397	-278.733654	-991.153092	692.408315	375.519453	-208.622539	375.519453	870.950432	-82.203094	-208.622539	-82.203094	-129.759596	456.234074	1.000000	87.278357	71.383031	287.966981	
9797	0.948030	-0.234475	0.215084	-0.039577	0.583830	0.810910	-0.315711	-0.777280	0.544209	155.747408	-302.823966	56.922368	2.923349	2.926519	4.678792	90.050612	89.977536	119.952686	166.303013	0.140309	0.115088	74.047534	1.000000	-352.412556	302.125454	-272.863506	302.125454	-443.112942	-315.688069	-272.863506	-315.688069	968.070985	60.806454	-91.293572	-2.701119	-91.293572	211.974183	-1019.562242	-2.701119	-1019.562242	1085.021794	613.956516	1.000000	87.016005	65.123759	255.633810	
9795	0.728015	-0.627909	0.275190	0.032848	0.432890	0.900853	-0.684777	-0.646797	0.335775	-313.209472	228.910968	12.496440	2.928134	2.924113	4.671840	89.973054	90.015891	119.905765	160.781071	0.117534	0.110355	43.890413	0.861702	-357.540168	-159.202085	-34.527246	-159.202085	-1276.094557	-1284.235251	-34.527246	-1284.235251	1607.327150	388.586849	-409.174730	-500.654169	-409.174730	-1421.503687	-785.262377	-500.654169	-785.262377	1623.594661	541.908808	1.000000	87.187411	86.749271	274.679066	
9800	0.907126	0.115804	0.404614	-0.415315	0.090766	0.905146	0.068091	-0.989124	0.130430	272.251429	-193.560850	136.166452	2.932804	2.929702	4.676181	89.948288	89.997759	120.012814	175.139844	0.142657	0.128301	54.909929	0.952128	1803.466554	-899.373056	269.936843	-899.373056	-336.767276	-1003.273301	269.936843	-1003.273301	1862.580604	1201.019999	-291.359917	-483.989913	-291.359917	-663.039806	-431.042657	-483.989913	-431.042657	1638.091346	424.079861	1.000000	0.000000	0.000000	0.000000	
9803	0.674651	-0.620499	-0.399790	-0.137285	0.426684	-0.893925	0.725261	0.657975	0.202677	-53.092330	-307.298347	-249.961458	2.928023	2.930659	4.672157	89.969778	89.961273	120.019511	184.595678	0.106259	0.109815	42.283304	0.845745	1179.557203	-1338.553672	358.560003	-1338.553672	-1202.973404	-181.849087	358.560003	-181.849087	1118.423882	1278.846658	-1117.768579	368.565651	-1117.768579	-1029.260656	-35.284144	368.565651	-35.284144	1338.849049	1316.224436	1.000000	0.000000	0.000000	0.000000	
9811	0.661412	-0.558833	-0.500245	-0.319059	0.393967	-0.861975	0.678779	0.729729	0.082274	-399.750254	449.484086	-150.941934	2.926185	2.918268	4.677299	90.097941	89.965675	119.904014	247.785656	0.149022	0.125980	50.783128	0.888298	-1095.121902	1073.347238	-464.672835	1073.347238	-1559.174436	819.531654	-464.672835	819.531654	1145.231779	832.534901	-885.155905	-464.677894	-885.155905	-528.407018	40.424763	-464.677894	40.424763	1129.199696	476.554171	1.000000	0.000000	0.000000	0.000000	
9807	0.586885	-0.625249	-0.514422	-0.229697	0.480673	-0.846282	0.776405	0.614831	0.138482	213.723467	477.197850	-25.099183	2.928223	2.929730	4.678477	89.945168	90.031235	120.008678	164.325840	0.117057	0.108877	39.532328	0.840426	1173.118579	-583.508902	-326.110822	-583.508902	-226.951976	160.905221	-326.110822	160.905221	1359.226835	1030.794590	-906.842120	-22.048050	-906.842120	-812.815740	-141.047491	-22.048050	-141.047491	1390.831860	1307.018714	1.000000	87.110685	86.172626	285.306553	
9819	0.824942	0.010542	-0.565122	-0.510210	0.444131	-0.736506	0.243227	0.895905	0.371760	-13.686002	-317.496143	195.702484	2.926627	2.928283	4.679594	89.945724	90.003074	119.978135	270.298812	0.121839	0.148625	39.856094	0.803191	199.195648	-427.589336	241.992243	-427.589336	150.180897	-43.331013	241.992243	-43.331013	1462.598245	165.994842	-377.558663	550.903142	-377.558663	-151.342010	729.978258	550.903142	729.978258	1281.724700	800.667340	1.000000	0.000000	0.000000	0.000000	
9820	0.452319	-0.580342	0.677214	-0.416688	0.533837	0.735797	-0.788535	-0.615003	-0.000357	121.850567	257.588824	-168.236734	2.927082	2.932439	4.673101	89.904627	90.031702	119.996078	111.110946	0.115718	0.101215	74.405556	0.989362	1061.018457	-1621.391956	-1069.074055	-1621.391956	-637.606732	355.476040	-1069.074055	355.476040	1395.315988	1009.377927	-1823.667617	-776.782120	-1823.667617	-607.396364	-35.266683	-776.782120	-35.266683	1406.128857	336.890304	1.000000	0.000000	0.000000	0.000000	
9821	0.696247	-0.345991	-0.628912	-0.220304	0.730876	-0.645977	0.683160	0.588311	0.432647	-444.975522	371.750257	35.377065	2.928338	2.923899	4.676069	89.962417	90.026625	119.914477	162.171067	0.115513	0.115733	37.079547	0.803191	656.562151	-424.827081	1151.203193	-424.827081	-886.278004	-92.567951	1151.203193	-92.567951	1015.894384	774.936260	-671.871563	883.360045	-671.871563	-302.780095	427.482963	883.360045	427.482963	964.061163	705.306709	1.000000	0.000000	0.000000	0.000000	
9822	0.714038	-0.084308	0.695016	-0.648616	0.294016	0.702042	-0.263537	-0.952081	0.155254	-341.680213	-98.283887	-169.111509	2.931614	2.927361	4.672065	89.967582	90.064375	120.010461	154.290433	0.126954	0.117988	52.132875	0.920213	618.386267	-1834.228594	334.402015	-1834.228594	-289.672804	-717.197517	334.402015	-717.197517	937.729494	802.132312	-1100.543967	619.057436	-1100.543967	-396.409949	-332.373197	619.057436	-332.373197	1385.306932	395.015273	1.000000	0.000000	0.000000	0.000000	
9835	0.566788	-0.407714	0.715906	-0.293196	0.712251	0.637758	-0.769927	-0.571374	0.284155	-40.662229	-122.444482	-62.055186	2.929563	2.927229	4.675413	90.070292	89.987984	119.973870	121.753678	0.131810	0.119377	56.227995	0.941489	380.215012	-1161.553710	-404.594372	-1161.553710	-325.235219	158.382304	-404.594372	158.382304	1549.812494	681.335837	-1393.908252	-765.675968	-1393.908252	-453.171225	6.315281	-765.675968	6.315281	1201.613458	476.204331	1.000000	0.000000	0.000000	0.000000	
9832	0.534265	-0.396313	0.746662	-0.305632	0.732968	0.607743	-0.788135	-0.552901	0.270473	468.413967	-393.098641	43.805860	2.931472	2.930252	4.675738	89.999229	90.002070	120.053579	218.151375	0.117754	0.120468	38.058012	0.819149	353.965316	-1445.085267	-222.676095	-1445.085267	1110.321932	-597.739440	-222.676095	-597.739440	1091.920615	114.177463	-662.464006	-265.152261	-662.464006	-16.918593	-342.502724	-265.152261	-342.502724	1106.896789	773.387544	1.000000	0.000000	0.000000	0.000000	
9836	0.629507	-0.062465	0.774484	-0.676282	0.446741	0.585726	-0.382584	-0.892485	0.238981	5.088058	-148.782096	-109.582051	2.927704	2.927285	4.675377	89.924773	90.037196	119.893572	129.266688	0.116872	0.110300	49.477815	0.869565	657.739689	-1138.239481	-954.038992	-1138.239481	-515.823864	308.536512	-954.038992	308.536512	1646.867769	341.057963	-930.577185	-561.930016	-930.577185	-211.870636	-45.975551	-561.930016	-45.975551	1618.582980	493.558079	1.000000	0.000000	0.000000	0.000000	
9840	0.433394	-0.455373	-0.777693	-0.167825	0.807072	-0.566101	0.885440	0.375861	0.273357	291.975143	366.671184	119.727675	2.928701	2.928870	4.677601	89.947779	89.994775	119.973216	144.278815	0.131885	0.131088	44.182739	0.867021	263.850768	-921.760936	41.061063	-921.760936	315.796978	246.201633	41.061063	246.201633	1765.701784	-259.218829	-1400.381062	67.565393	-1400.381062	-139.235840	34.496990	67.565393	34.496990	1745.986175	770.727722	1.000000	266.383639	54.970065	77.394729	
9873	0.452974	-0.323084	0.830927	-0.510684	0.669930	0.538889	-0.730770	-0.668443	0.138467	116.489273	163.493815	183.504507	2.928651	2.932025	4.670786	90.045053	90.098486	120.038191	146.671063	0.119633	0.112728	43.733599	0.867021	-149.506543	-2361.150938	318.365556	-2361.150938	211.064826	608.447217	318.365556	608.447217	1230.461736	-310.220232	-2408.990774	7.753608	-2408.990774	-152.529526	484.598639	7.753608	484.598639	1185.372586	606.990899	1.000000	0.000000	0.000000	0.000000	
9848	0.510279	-0.374338	0.774265	-0.127377	0.857472	0.498515	-0.850524	-0.353005	0.389868	-241.152548	-417.438986	71.694887	2.925801	2.926699	4.671257	89.872591	89.908486	119.852336	281.995797	0.159152	0.147524	38.446991	0.813830	1824.416157	-1975.261419	-1691.570798	-1975.261419	-859.996644	-324.400452	-1691.570798	-324.400452	-500.203392	622.256104	-1208.357037	-381.552823	-1208.357037	611.882074	-276.830112	-381.552823	-276.830112	345.498899	1120.883827	1.000000	86.657439	60.486566	284.500456	
9853	0.482637	-0.333318	-0.809914	-0.317042	0.795541	-0.516332	0.816423	0.505978	0.278282	236.311414	-338.128807	-114.132780	2.930334	2.928955	4.673589	90.033797	89.991647	120.023390	133.432341	0.110758	0.099158	51.132958	0.904255	-361.047930	-1202.266123	909.606164	-1202.266123	1036.301269	219.275386	909.606164	219.275386	894.472277	-158.645914	-817.606204	792.122949	-817.606204	152.180542	538.099658	792.122949	538.099658	894.450168	664.146773	1.000000	0.000000	0.000000	0.000000	
9857	0.268513	-0.513699	-0.814870	0.098486	0.856144	-0.507266	0.958228	0.055954	0.280478	264.832839	-210.901118	-173.947372	2.929995	2.925500	4.681627	90.077295	89.859892	120.177078	551.516198	0.247040	0.296518	55.122347	0.831522	-195.122032	-216.957899	247.495517	-216.957899	361.506739	-2304.631807	247.495517	-2304.631807	264.829819	-286.483869	-1039.440447	691.329558	-1039.440447	-514.003050	-68.586472	691.329558	-68.586472	1339.712974	718.593311	1.000000	266.765964	84.827954	97.213151	
9858	0.266326	-0.512114	-0.816584	0.093340	0.856903	-0.506957	0.959353	0.058796	0.276017	270.987287	-199.923914	-223.475956	2.931078	2.927823	4.673440	89.958255	89.972445	120.033808	176.401294	0.129728	0.141266	70.057645	1.000000	-297.747474	-1335.648414	607.894312	-1335.648414	-98.354818	-260.271848	607.894312	-260.271848	1695.194879	-140.510694	-920.506888	459.083667	-920.506888	-480.493168	-199.983503	459.083667	-199.983503	1619.819668	487.513885	1.000000	266.778772	89.742369	99.643312	
9859	0.432748	-0.455910	-0.777737	-0.166171	0.807579	-0.565865	0.886068	0.374115	0.273719	267.619954	358.733648	116.742434	2.927564	2.926879	4.675130	90.121429	89.906337	119.909430	167.603562	0.129472	0.127972	44.308984	0.867021	652.679746	-1561.325104	343.011849	-1561.325104	-578.361628	-554.035340	343.011849	-554.035340	1314.050243	-168.293492	-1343.182984	101.117898	-1343.182984	-148.004573	42.111137	101.117898	42.111137	1736.459157	800.146754	1.000000	0.000000	0.000000	0.000000	
9890	0.500839	-0.187047	0.845093	-0.706015	0.476533	0.523896	-0.500710	-0.859033	0.106607	-229.689341	39.550014	235.384118	2.929014	2.926927	4.672484	89.975498	90.073122	119.954034	110.539375	0.117125	0.097797	45.380974	0.888889	-1250.344600	-952.791415	294.441247	-952.791415	213.172384	-25.945495	294.441247	-25.945495	1924.784209	-1006.894283	-1007.863342	89.388545	-1007.863342	255.379248	-499.183460	89.388545	-499.183460	1941.441866	434.158525	1.000000	270.973323	79.937949	60.591129	
9864	0.198390	-0.482825	0.852949	-0.177040	0.838279	0.515699	-0.964001	-0.253316	0.080827	-414.121508	-187.323230	252.922602	2.928165	2.930474	4.671012	89.944120	89.996416	120.011119	164.920248	0.123742	0.121182	40.508633	0.819149	-387.826607	-1912.049824	-275.093075	-1912.049824	392.514658	-344.332024	-275.093075	-344.332024	915.197143	229.787020	-1394.712303	257.084837	-1394.712303	620.542968	-261.144144	257.084837	-261.144144	451.862065	951.689993	1.000000	0.000000	0.000000	0.000000	
9866	0.646470	-0.227920	0.728099	-0.166330	0.889275	0.426057	-0.744587	-0.396538	0.536980	58.934382	-191.306593	-243.182552	2.928413	2.924370	4.675422	89.952442	89.864438	119.967930	228.558207	0.131032	0.133884	40.108451	0.820652	1706.193891	-326.091153	-1270.086129	-326.091153	-884.924402	-816.832365	-1270.086129	-816.832365	-530.093944	698.503254	-732.726087	-659.353347	-732.726087	-60.715559	-315.344358	-659.353347	-315.344358	422.602082	812.662975	1.000000	266.630956	81.400225	88.764837	
9870	0.512957	-0.329493	0.792660	-0.137995	0.879739	0.454991	-0.847250	-0.342774	0.405799	12.206188	-177.302714	184.743582	2.929212	2.929500	4.676100	89.957782	89.994568	120.035254	152.253001	0.119981	0.120665	51.603708	0.909574	244.588642	-852.914197	-510.974475	-852.914197	641.632324	-878.722091	-510.974475	-878.722091	902.500289	22.931552	-762.378753	-386.851930	-762.378753	515.627945	-950.291232	-386.851930	-950.291232	1262.942321	419.319899	1.000000	266.397219	71.372816	91.102902	
9912	0.545745	-0.172084	-0.820096	-0.429700	0.782740	-0.450201	0.719394	0.598088	0.353232	-20.076731	373.363971	-50.828567	2.924894	2.928569	4.677339	89.929442	90.009827	119.937878	133.790736	0.108356	0.098252	54.767505	0.941489	-484.676601	-428.673251	713.436347	-428.673251	398.933484	-757.939329	713.436347	-757.939329	1325.539613	-432.314433	-644.598097	625.327099	-644.598097	1037.248001	-362.782970	625.327099	-362.782970	1207.387462	613.787353	1.000000	0.000000	0.000000	0.000000	
9877	0.514272	-0.370793	0.773329	-0.128267	0.858311	0.496839	-0.847981	-0.354702	0.393845	-254.104803	-423.451691	76.566417	2.927953	2.930660	4.680206	89.968132	90.090682	120.090855	239.649592	0.187737	0.173318	38.487794	0.813830	-242.537012	-846.150229	383.443457	-846.150229	1887.308390	188.873224	383.443457	188.873224	424.936741	552.090417	-1311.773855	-422.082731	-1311.773855	507.543887	-317.824849	-422.082731	-317.824849	503.644860	1151.471001	1.000000	0.000000	0.000000	0.000000	
9879	0.605841	0.037385	0.794711	-0.594215	0.685477	0.420754	-0.529028	-0.727137	0.437504	447.642389	-213.535923	243.990072	2.929298	2.927960	4.680046	89.978758	89.969327	120.041963	132.155392	0.115248	0.113480	36.932406	0.800000	584.782433	-193.140164	-324.775912	-193.140164	1061.220096	-741.548803	-324.775912	-741.548803	421.120746	167.907085	-236.431434	-513.633647	-236.431434	1241.345051	-696.467451	-513.633647	-696.467451	184.864352	462.713770	1.000000	86.535306	75.309048	258.061458	
9886	0.428938	-0.295782	-0.853537	-0.290951	0.849286	-0.440524	0.855196	0.437295	0.278232	406.935793	-61.154566	-121.020021	2.927930	2.930140	4.675877	89.893618	90.057313	120.016189	141.720682	0.124919	0.121889	84.424397	1.000000	146.333862	-1397.694185	-113.853808	-1397.694185	421.917670	656.795138	-113.853808	656.795138	1144.824717	-86.705385	-971.248344	90.386096	-971.248344	217.049879	315.220729	90.386096	315.220729	1176.020253	558.639897	1.000000	0.000000	0.000000	0.000000	
9932	0.409014	-0.294508	-0.863697	-0.310932	0.844870	-0.435334	0.857921	0.446608	0.253992	-415.731068	-288.993420	171.395235	2.927422	2.926295	4.672278	90.017164	89.999707	119.940276	160.586311	0.133932	0.126131	52.279685	0.930851	-719.006707	-1189.548254	818.359301	-1189.548254	224.484276	-231.625564	818.359301	-231.625564	717.139388	-87.330511	-745.040721	393.147146	-745.040721	377.975088	-332.888642	393.147146	-332.888642	1100.210470	536.324208	1.000000	0.000000	0.000000	0.000000	
9894	0.199945	-0.481638	0.853257	-0.177034	0.838750	0.514934	-0.963681	-0.254014	0.082437	-391.263339	-184.741332	238.820064	2.926113	2.930800	4.670209	90.062437	90.024614	120.031144	158.346849	0.144011	0.135557	40.411824	0.819149	-840.738874	-1902.401041	755.165361	-1902.401041	416.484970	-323.557416	755.165361	-323.557416	380.213994	206.638136	-1306.728220	127.008594	-1306.728220	639.101363	-442.245147	127.008594	-442.245147	639.448686	603.063516	1.000000	266.184266	68.114093	75.045514	
9934	0.309750	-0.323107	0.894241	-0.536085	0.717406	0.444912	-0.785289	-0.617200	0.049004	62.568487	163.793980	-93.993057	2.928612	2.930988	4.674003	90.048451	89.984783	120.024986	157.094154	0.107486	0.125030	43.192533	0.803191	-283.461891	-1535.704797	-319.182942	-1535.704797	925.607694	214.614928	-319.182942	214.614928	1105.924698	-462.295394	-1644.348225	-290.260974	-1644.348225	1121.037183	146.894384	-290.260974	146.894384	934.851372	983.473513	1.000000	270.521053	84.356127	65.557891	
9899	0.230009	-0.370239	-0.900017	-0.470802	0.767053	-0.435867	0.851736	0.523982	0.002120	177.602472	-75.565044	233.474239	2.929202	2.927903	4.677636	89.962920	90.032013	119.975754	185.555542	0.129029	0.129520	34.453930	0.804348	-4.489222	-811.730430	104.288325	-811.730430	718.982817	422.227597	104.288325	422.227597	1454.144904	-13.407577	-730.692914	82.570120	-730.692914	871.361875	170.328568	82.570120	170.328568	1353.616897	756.637869	1.000000	86.244374	68.481754	294.736761	
9901	0.649484	-0.225071	0.726302	-0.166839	0.889729	0.424908	-0.741846	-0.397147	0.540314	73.890947	-183.495183	-226.772358	2.929344	2.926536	4.679217	90.041366	90.048756	119.963634	206.285020	0.124822	0.132067	40.175460	0.820652	164.419810	-639.809459	-634.455008	-639.809459	251.094431	152.559730	-634.455008	152.559730	1792.849177	703.085804	-726.079184	-662.891755	-726.079184	-79.169280	-304.959912	-662.891755	-304.959912	425.419617	810.183972	1.000000	266.290198	89.810556	99.489818	
9902	0.454365	-0.205605	0.866769	-0.433751	0.798804	0.416864	-0.778088	-0.565369	0.273767	-432.021009	187.586034	-176.036210	2.924470	2.930755	4.674862	90.060796	90.004706	119.928892	115.894674	0.101330	0.088872	54.864241	0.904255	-766.046400	-801.682730	-857.208093	-801.682730	401.190170	1145.795843	-857.208093	1145.795843	1768.090524	-307.955426	-760.681127	-610.960540	-760.681127	566.663813	816.687654	-610.960540	816.687654	1579.984287	353.879512	1.000000	0.000000	0.000000	0.000000	
9948	0.459073	-0.277880	0.843822	-0.194945	0.895165	0.400845	-0.866746	-0.348516	0.356774	315.706337	-237.399814	25.253901	2.928134	2.927131	4.676700	89.994055	90.027362	119.977829	205.420181	0.112125	0.129043	40.767707	0.851064	-412.103826	-462.973098	-530.138564	-462.973098	562.362413	-64.475440	-530.138564	-64.475440	1168.084900	-562.092238	-644.442652	-40.626135	-644.442652	611.956309	-303.982423	-40.626135	-303.982423	1495.520766	1035.040619	1.000000	0.000000	0.000000	0.000000	
9911	0.405552	-0.187131	0.894718	-0.557420	0.725124	0.404330	-0.724445	-0.662708	0.189765	365.063088	-85.674279	213.406791	2.927128	2.928555	4.678842	90.007130	90.027630	120.006983	162.245444	0.135829	0.136494	75.770757	1.000000	-26.210575	-595.040810	11.034433	-595.040810	814.677969	240.893027	11.034433	240.893027	836.278762	25.668313	-1084.803943	-145.865868	-1084.803943	1000.417736	329.407338	-145.865868	329.407338	762.958964	675.311421	1.000000	270.473489	84.335597	65.594899	
9961	0.457750	-0.098086	0.883659	-0.618376	0.678995	0.395703	-0.638815	-0.727564	0.250155	-179.004840	-173.519104	-145.335583	2.929890	2.929160	4.677137	90.029287	90.077699	120.072049	221.568218	0.142590	0.143232	46.075215	0.872340	-121.519530	-1167.181257	33.990722	-1167.181257	340.841170	681.934566	33.990722	681.934566	1533.157750	-485.932016	-1163.601940	-411.991830	-1163.601940	1011.122134	-7.297874	-411.991830	-7.297874	912.462122	776.625007	1.000000	0.000000	0.000000	0.000000	
9916	0.349329	-0.284484	-0.892770	-0.278713	0.878121	-0.388873	0.894588	0.384672	0.227463	248.425062	-209.468700	249.169253	2.931629	2.930667	4.676764	89.931815	90.018433	120.051241	163.590169	0.123925	0.117584	52.724722	0.936170	131.146679	-1487.406360	183.100864	-1487.406360	1417.721948	-124.030841	183.100864	-124.030841	1444.848116	-256.141882	-925.121078	-121.129618	-925.121078	847.100350	532.839061	-121.129618	532.839061	1229.452972	540.133472	1.000000	266.318617	78.699885	69.582454	
9972	0.463329	-0.101669	0.880340	-0.557245	0.738999	0.378634	-0.689067	-0.665994	0.285744	455.300428	-391.429206	-34.818944	2.927475	2.929173	4.679351	90.062678	90.071415	120.042897	181.414179	0.138424	0.124144	34.537693	0.824468	393.382432	-1268.869108	387.774844	-1268.869108	303.841243	378.625276	387.774844	378.625276	1001.128553	-632.567416	-578.579494	-419.690887	-578.579494	463.749674	-8.363176	-419.690887	-8.363176	966.749561	752.021289	1.000000	0.000000	0.000000	0.000000	
9969	0.067590	-0.400529	-0.913788	0.079811	0.915118	-0.395209	0.994516	-0.046218	0.093820	-289.917894	-386.385015	-84.217209	2.926703	2.927302	4.670920	90.093973	89.961301	119.971264	177.424427	0.116436	0.113341	55.346785	0.933333	-862.230571	-1541.284424	443.219341	-1541.284424	-273.166316	-55.284958	443.219341	-55.284958	852.725260	-660.182904	-723.836059	535.995799	-723.836059	1124.665174	-38.024234	535.995799	-38.024234	837.021936	542.364944	1.000000	270.355632	72.106398	118.499697	
9921	0.451829	-0.079719	-0.888541	-0.618598	0.689661	-0.376443	0.642803	0.719735	0.262293	383.887922	-40.496980	-229.111248	2.929233	2.928916	4.669458	89.993682	90.000657	120.052550	189.983509	0.132166	0.134199	62.082886	0.984043	-1405.360690	-1269.334156	972.563676	-1269.334156	504.003812	-130.673676	972.563676	-130.673676	903.918894	-105.552606	-1070.420343	258.212841	-1070.420343	586.770843	220.693331	258.212841	220.693331	888.066986	548.165398	1.000000	0.000000	0.000000	0.000000	
9922	0.498969	-0.000854	0.866624	-0.637718	0.676764	0.367847	-0.586817	-0.736203	0.337138	374.101938	447.257690	139.162537	2.928359	2.927428	4.669127	89.939487	90.162585	119.993495	138.886679	0.126340	0.102661	47.715548	0.819149	-1701.331882	-1731.443621	-16.639218	-1731.443621	-162.547450	-361.369992	-16.639218	-361.369992	1580.673284	-1088.749354	-951.421526	-40.634596	-951.421526	887.634303	-271.749077	-40.634596	-271.749077	1356.688820	531.907300	1.000000	0.000000	0.000000	0.000000	
9927	0.143827	-0.401742	0.904388	0.166814	0.910654	0.377997	-0.975442	0.096499	0.197993	219.006488	21.391945	-236.166171	2.929895	2.926770	4.673907	89.999216	90.046636	120.001546	179.191564	0.125944	0.133654	45.297122	0.858696	-1086.643848	-706.471123	39.932718	-706.471123	396.101591	-439.630160	39.932718	-439.630160	1651.199668	-810.940628	-748.413703	121.907174	-748.413703	605.907736	-194.769958	121.907174	-194.769958	1305.426765	1002.990133	1.000000	85.819955	65.670295	271.588663	
9930	0.634828	-0.274237	-0.722348	0.075356	0.952411	-0.295354	0.768970	0.133065	0.625283	244.212417	-399.837720	-35.215763	2.931357	2.930231	4.671952	90.063625	89.958708	120.031760	176.964135	0.120552	0.111615	51.170950	0.930851	-189.254635	-657.814160	1798.600652	-657.814160	1735.155987	36.316016	1798.600652	36.316016	374.736088	121.005199	-240.760152	1801.793167	-240.760152	729.960024	366.546734	1801.793167	366.546734	289.517845	1130.819433	1.000000	266.034418	79.682569	112.193369	
9936	0.208473	-0.400963	0.892058	0.197062	0.910613	0.363250	-0.957970	0.100063	0.268852	150.078053	43.058118	230.872284	2.927651	2.928226	4.672835	90.020123	89.937147	119.999362	324.447037	0.144039	0.174271	36.166659	0.815217	-918.585417	-617.041711	-1047.279276	-617.041711	917.936590	-275.579261	-1047.279276	-275.579261	484.668517	-1077.069773	-1000.445014	-484.402515	-1000.445014	606.157492	-224.916492	-484.402515	-224.916492	1669.650363	866.652988	1.000000	266.066212	87.348943	87.602320	
9939	0.095441	-0.366653	-0.925449	-0.007277	0.929411	-0.368974	0.995408	0.041950	0.086036	168.130030	-401.607304	-113.478192	2.930730	2.926826	4.676499	89.903123	90.037480	120.064021	165.160204	0.118361	0.111761	56.004982	0.933333	75.816480	-1171.204544	355.816400	-1171.204544	-130.649722	-821.451619	355.816400	-821.451619	1241.420352	-331.941030	-779.539080	797.938763	-779.539080	569.750373	0.248273	797.938763	0.248273	1204.172166	393.530816	1.000000	270.402619	81.440217	107.105826	
9994	0.186555	-0.391162	0.901216	0.199879	0.913246	0.355008	-0.961897	0.113905	0.248556	-433.286957	-66.349528	-209.509017	2.927329	2.928522	4.680953	90.136025	90.045663	119.936110	185.282529	0.126948	0.112068	59.890435	0.972826	753.285369	-1343.884404	936.094613	-1343.884404	397.222626	-692.653105	936.094613	-692.653105	1691.681697	-363.752049	-674.704526	117.529756	-674.704526	701.837193	-1045.945577	117.529756	-1045.945577	1036.559646	295.403716	1.000000	85.854672	85.683829	282.050029	
9942	0.391181	-0.239711	0.888547	-0.234476	0.907662	0.348095	-0.889943	-0.344511	0.298853	-435.947443	-404.591073	209.370480	2.927736	2.926997	4.673561	89.926647	89.941207	119.922756	210.164377	0.140707	0.125387	57.232660	0.968085	269.711439	-1510.654320	-1359.028926	-1510.654320	182.890251	-25.069949	-1359.028926	-25.069949	565.232563	-428.111515	-830.500797	-298.106605	-830.500797	848.937782	-521.518108	-298.106605	-521.518108	937.224114	1129.913576	1.000000	0.000000	0.000000	0.000000	
9945	0.168127	-0.318937	-0.932752	-0.351568	0.864591	-0.359006	0.920949	0.388284	0.033234	342.882762	209.434070	-101.016006	2.927261	2.925153	4.679047	89.954935	89.930047	119.884003	120.903647	0.131524	0.121667	44.352452	0.845745	551.748581	-1209.221698	-864.836386	-1209.221698	726.522849	904.538912	-864.836386	904.538912	509.429606	64.708061	-1595.012667	-580.123107	-1595.012667	436.447136	1030.799979	-580.123107	1030.799979	636.347985	401.743348	1.000000	265.865858	81.838163	87.192613	
9953	0.078464	-0.337432	-0.938074	-0.156465	0.925145	-0.345868	0.984562	0.173914	0.019795	392.068156	420.548164	-233.212255	2.926496	2.929372	4.661925	89.871627	90.179378	120.006757	286.977480	0.119332	0.136114	39.270802	0.813830	-2356.931631	-2677.390790	825.418837	-2677.390790	-83.553263	751.507138	825.418837	751.507138	511.153752	-523.824009	-1262.285626	120.646672	-1262.285626	1188.296986	114.063545	120.646672	114.063545	350.800364	802.822597	1.000000	0.000000	0.000000	0.000000	
9955	0.087542	-0.335258	0.938050	-0.230118	0.909390	0.346490	-0.969217	-0.246195	0.002461	452.219481	-260.751426	152.916224	2.927366	2.926061	4.672333	90.075085	89.989817	120.010903	218.991425	0.140402	0.128759	36.727999	0.808511	-1866.311961	-87.566034	133.592650	-87.566034	502.772726	-73.308559	133.592650	-73.308559	785.894489	-688.617344	-1034.577202	4.091065	-1034.577202	1147.417751	36.199011	4.091065	36.199011	967.591587	1070.173179	1.000000	85.788343	84.548868	281.931359	
9966	0.091152	-0.328109	0.940232	-0.009266	0.943842	0.330267	-0.995794	-0.038816	0.082993	461.713968	-167.038897	-161.220692	2.928438	2.926813	4.681534	89.857373	90.052828	119.961983	272.060405	0.152435	0.165270	35.928218	0.805556	1179.682130	-1072.062955	-256.884291	-1072.062955	-189.322878	18.804655	-256.884291	18.804655	1512.910077	76.780070	-967.322934	-588.235999	-967.322934	-364.500114	211.605605	-588.235999	211.605605	1540.840700	1386.477444	1.000000	270.054835	82.539347	97.756847	
9967	0.251592	-0.296274	-0.921370	-0.063453	0.944895	-0.321165	0.965751	0.139266	0.218929	-360.801237	-89.195881	-83.034200	2.932042	2.928164	4.676793	89.922127	90.029937	120.100159	167.019040	0.126748	0.116511	43.530220	0.824468	118.532461	-1380.050417	541.564677	-1380.050417	641.705547	-951.360346	541.564677	-951.360346	1029.758652	-50.956875	-542.054033	624.253584	-542.054033	1054.753451	-257.545180	624.253584	-257.545180	1088.635100	1060.931095	1.000000	270.257518	89.036706	111.768806	
9968	0.348760	-0.283263	-0.893380	-0.280155	0.878138	-0.387798	0.894360	0.385534	0.226901	252.189569	-206.045752	251.395362	2.929398	2.929036	4.676812	90.041896	89.991597	120.053674	118.081847	0.125251	0.117421	53.286291	0.941489	-151.638933	-739.987080	168.832189	-739.987080	511.518533	698.167189	168.832189	698.167189	1299.897079	-279.021871	-875.066860	-86.130825	-875.066860	942.033275	594.140535	-86.130825	594.140535	1244.157319	462.433760	1.000000	0.000000	0.000000	0.000000	
9982	0.050978	-0.307592	-0.950152	-0.203912	0.928141	-0.311407	0.977661	0.209622	-0.015406	-232.139658	-149.555427	-111.379345	2.931347	2.929427	4.671122	89.950452	90.014747	120.098141	227.531659	0.143883	0.148363	57.661135	0.994681	-1290.138089	-1443.180002	58.956621	-1443.180002	1327.485759	-920.021183	58.956621	-920.021183	756.185351	-588.203804	-900.637732	-43.978972	-900.637732	1009.729497	-174.733982	-43.978972	-174.733982	1000.739495	812.372003	1.000000	85.510772	65.458391	288.827901	
9990	0.209316	-0.399448	0.892540	0.197846	0.911182	0.361393	-0.957624	0.100940	0.269754	142.588926	39.896750	223.406192	2.930088	2.928279	4.672251	90.005143	89.990432	120.043456	274.132339	0.121933	0.155072	35.408031	0.815217	-931.331925	-962.809936	-985.445540	-962.809936	544.593224	137.968653	-985.445540	137.968653	1152.469617	-992.130147	-1112.751553	-454.225816	-1112.751553	768.755855	-175.448256	-454.225816	-175.448256	1575.001331	797.096110	1.000000	265.025850	70.968636	77.561436	
9993	0.093934	-0.366912	-0.925501	-0.008954	0.929262	-0.369312	0.995538	0.042977	0.084004	173.999344	-396.318714	-108.953475	2.926170	2.922999	4.675497	90.064925	90.056179	119.899295	171.796567	0.113805	0.105238	56.150615	0.938889	-324.981297	-534.434709	1197.941064	-534.434709	-1107.498432	-168.862373	1197.941064	-168.862373	1197.755434	-328.781700	-771.778616	828.286853	-771.778616	547.463665	7.710967	828.286853	7.710967	1266.946623	371.892269	1.000000	269.778522	86.055288	119.451941	
9995	0.636164	-0.273284	-0.721534	0.073273	0.952342	-0.296100	0.768067	0.135499	0.625870	224.408127	-375.459702	-30.875184	2.931687	2.928982	4.672493	89.916978	89.998363	120.102786	223.769058	0.127692	0.127229	51.133307	0.920213	-1320.491193	379.292984	1265.757177	379.292984	1652.845067	925.181360	1265.757177	925.181360	670.085049	123.246935	-134.066583	1835.164893	-134.066583	862.216435	352.133435	1835.164893	352.133435	213.527222	977.828988	1.000000	85.563401	88.855286	282.583085	
